Fish ID,Magement Region,mgmt_lat,Sampling Port,State,Season,Sample Month,Full Sample Date ,Depth m,Lat,Long,Relief,Weight g,FL cm,TL cm,SL cm,Height cm,Sex,Maturity,Fulton's K,GSI (g),HSI (g),Gut Weight (g),Gut Content Weight (g),Weight,d15N,d13C,%N,%C,C:N
HLS_0120,Columbia,43,Westport,Washington,Summer,June,6/12/17,51.2064,46.86619,-124.3466,2,220,24.4,25.3,20.2,6.8,M,IMM,1.358504612,1.045454545,2.5,4,0.9,0.5,15.5,-16.6,13,40.8,3.1
HLS_0121,Columbia,43,Westport,Washington,Summer,June,6/12/17,51.2064,46.86619,-124.3466,2,680,33.3,34.8,28.5,10.2,M,IMM,1.613508215,0.558823529,1.926470588,9.3,1.8,0.647,15.9,-16.4,14,45.5,3.3
HLS_0124,Columbia,43,Westport,Washington,Summer,June,6/12/17,51.2064,46.86879,-124.34682,2,920,37.6,39.3,32,12,M,IMM,1.51568927,0.27173913,1.47826087,19.7,11,0.533,14.7,-16.9,13,46.8,3.6
HLS_0125,Columbia,43,Westport,Washington,Summer,June,6/12/17,51.2064,46.867,-124.34665,2,760,33.4,35,28.5,11.1,F,IMM,1.772594752,0.381578947,1.684210526,35.5,25.4,0.55,15.9,-16.4,14.3,45.7,3.2
HLS_0126,Columbia,43,Westport,Washington,Summer,June,6/12/17,52.4256,46.86223,-124.34703,3,1120,37.6,40.1,32.4,12.1,F,IMM,1.736940353,0.321428571,1.142857143,12.4,2.4,0.639,15.8,-16.4,14.3,45.3,3.2
HLS_0130,Columbia,43,Westport,Washington,Summer,June,6/12/17,51.2064,46.86619,-124.3466,2,380,27.3,28.6,23.3,8,F,IMM,1.624372009,0.631578947,1.605263158,9.1,4.8,0.532,15.3,-16.7,14,44.8,3.2
HLS_0131,Columbia,43,Westport,Washington,Summer,June,6/12/17,51.2064,46.867,-124.34665,2,740,32.5,34.2,27.8,11,F,IMM,1.849921933,0.445945946,1.405405405,39.1,28.6,0.556,15.3,-16.4,13.9,45,3.2
HLS_0134,Columbia,43,Westport,Washington,Summer,June,6/12/17,112.776,46.746,-124.55366,2,2440,50.5,52.9,43.2,15.8,M,MAT,1.648248959,1.032786885,1.758196721,48.8,-,0.611,16.4,-16.4,14.1,45.9,3.3
HLS_0137,Columbia,43,Westport,Washington,Summer,June,6/12/17,112.776,46.746,-124.55366,2,2130,47.4,51,41.2,15.5,M,MAT,1.605717258,1.20657277,1.774647887,113,89.3,0.581,16.2,-16.6,14,46.2,3.3
HLS_0138,Columbia,43,Westport,Washington,Summer,June,6/12/17,112.776,46.746,-124.55366,2,2750,53.2,56.7,45.4,17.8,F,MAT,1.508632701,0.683636364,1.345454545,44.9,14.1,0.534,16.1,-16.8,14.1,45.8,3.2
HLS_0142,Columbia,43,Westport,Washington,Summer,June,6/12/17,112.776,46.746,-124.55366,2,1870,43.3,51.4,41.4,15.5,M,MAT,1.377058054,0.695187166,1.572192513,21.9,4.7,0.545,16,-16.7,14.1,45.1,3.2
HLS_0145,Columbia,43,Westport,Washington,Summer,June,6/12/17,51.2064,46.86318,-124.34252,2,970,37.6,39.5,32.1,11,M,IMM,1.573912003,0.268041237,1.494845361,18.6,8.4,0.559,16.1,-16.2,14,45.1,3.2
HLS_0146,Columbia,43,Westport,Washington,Summer,June,6/12/17,52.4256,46.86189,-124.34731,3,150,21.2,21.9,18.4,6.1,F,IMM,1.428100971,1,2.133333333,2.4,0.3,0.527,15.5,-16.1,14.2,45.4,3.2
HLS_0147,Columbia,43,Westport,Washington,Summer,June,6/12/17,49.9872,47.14416667,-124.52,3,280,27,27.9,23.5,8.6,F,IMM,1.289274585,0.571428571,1.571428571,4.2,1.6,0.547,15.7,-16.3,14.4,46.4,3.2
HLS_0148,Columbia,43,Westport,Washington,Summer,June,6/12/17,50.9016,46.86319,-124.3472,3,710,34.8,36.9,31.5,9.8,M,IMM,1.413120674,0.225352113,1.690140845,7.3,0.7,0.509,16.2,-16.4,13.1,41.6,3.2
HLS_0149,Columbia,43,Westport,Washington,Summer,June,6/12/17,50.9016,46.86319,-124.3472,3,390,23.6,30.8,25.3,8.8,M,IMM,1.334788504,0.41025641,1.41025641,5.6,0.9,0.502,14.4,-16.8,14.1,44.8,3.2
HLS_0150,Columbia,43,Westport,Washington,Summer,June,6/12/17,49.9872,47.14416667,-124.52,3,1030,39,41.2,33.5,12,F,IMM,1.472806108,0.339805825,1.252427184,25.9,15.1,0.52,16.1,-16.4,14.3,46,3.2
HLS_0151,Columbia,43,Westport,Washington,Summer,June,6/12/17,50.9016,46.86319,-124.3472,3,870,36.9,38.1,30,11.6,M,IMM,1.573056514,0.172413793,1.298850575,8.7,-,0.506,16.4,-16.6,13.5,45.7,3.4
HLS_0153,Columbia,43,Westport,Washington,Summer,June,6/12/17,49.9872,47.14416667,-124.52,3,130,20.5,21.2,17.4,5.9,F,IMM,1.364381335,1,1.846153846,1.3,0.4,0.575,15.1,-16.4,14.1,45.4,3.2
HLS_0156,Columbia,43,Westport,Washington,Summer,June,6/12/17,51.2064,46.86414,-124.3404,3,600,32.2,34,29.8,10.7,M,IMM,1.526562182,0.366666667,1.566666667,9,3.1,0.52,16.4,-16.6,14.1,45.8,3.2
HLS_0165,Columbia,43,Westport,Washington,Summer,June,6/12/17,51.2064,46.86414,-124.3404,3,350,25.8,27.9,20.8,8.3,M,IMM,1.611593231,0.514285714,1.4,5.4,0.8,0.566,16,-16.4,13.9,45.5,3.3
HLS_0166,Columbia,43,Westport,Washington,Summer,June,6/12/17,51.2064,46.86414,-124.3404,3,1110,38.2,41.3,33.2,12,F,IMM,1.57569742,0.333333333,2.306306306,10,0.4,0.624,16,-16.1,14.1,45.9,3.3
HLS_0167,Columbia,43,Westport,Washington,Summer,June,6/12/17,51.2064,46.86879,-124.34682,2,320,26.6,27.9,22.4,7.8,M,IMM,1.473456668,0.46875,1.53125,4.8,0.4,0.571,15.6,-16.7,13.9,45.5,3.3
HLS_0171,Columbia,43,Westport,Washington,Summer,June,6/12/17,48.768,46.86683,-124.34517,2,410,29.3,31,25.5,9.2,M,IMM,1.376254574,0.365853659,1.634146341,6.6,1.3,0.581,15.5,-16.5,14,45,3.2
HLS_0172,Columbia,43,Westport,Washington,Summer,June,6/12/17,49.9872,47.14416667,-124.52,3,400,26.6,27.8,22.3,8.1,F,IMM,1.861768181,0.45,1.025,4,0.5,0.503,16,-16.4,13.9,44.1,3.2
HLS_0175,Columbia,43,Westport,Washington,Summer,June,6/12/17,50.9016,46.86319,-124.3472,3,500,29.9,31.2,35.3,9.4,F,IMM,1.646289553,0.42,1.38,5.7,0.9,0.562,15.7,-16.4,14.1,45,3.2
HLS_0176,Columbia,43,Westport,Washington,Summer,June,6/12/17,50.9016,46.86319,-124.3472,3,530,30.5,31.6,26,9,F,IMM,1.679633863,0.452830189,1.226415094,5.6,1.4,0.68,14.8,-16.5,14.1,45.7,3.2
HLS_0177,Columbia,43,Westport,Washington,Summer,June,6/12/17,50.9016,46.86319,-124.3472,3,640,33.9,35.7,29.2,10,M,IMM,1.406615263,0.3125,1.640625,21,12.8,0.536,16.2,-16.7,14.1,45.8,3.2
HLS_0179,Columbia,43,Westport,Washington,Summer,June,6/12/17,50.9016,46.86319,-124.3472,3,460,30,39.8,27,8.3,M,IMM,0.729639968,0.304347826,1.586956522,6.3,1.6,0.587,15.9,-15.9,13.8,45.2,3.3
HLS_0183,Columbia,43,Westport,Washington,Summer,June,6/12/17,111.252,46.74437,-124.54875,2,2300,51.4,53.2,42.9,14.7,M,MAT,1.527541223,0.747826087,1.969565217,36.9,11,0.514,15.9,-16.6,13.9,44.3,3.2
HLS_0184,Columbia,43,Westport,Washington,Summer,June,6/12/17,111.252,46.74437,-124.54875,2,2810,51.4,54.5,45,15.9,F,MAT,1.735868463,0.854092527,2.533807829,253.4,223.1,0.663,16.1,-16.9,13,46.8,3.6
HLS_0184,Columbia,43,Westport,Washington,Summer,June,6/12/17,111.252,46.74437,-124.54875,2,2810,51.4,54.5,45,15.9,F,MAT,1.735868463,0.854092527,2.533807829,253.4,223.1,0.663,16.1,-16.9,13,46.8,3.6
HLS_0196,Columbia,43,Westport,Washington,Summer,June,6/12/17,51.2064,46.86619,-124.3466,2,1130,37.7,40.3,32.6,11.6,F,IMM,1.72648697,0.283185841,1.088495575,66.2,50.4,0.649,16,-16.4,14.2,46,3.2
HLS_0215,Columbia,43,Westport,Washington,Summer,June,6/12/17,111.252,46.74437,-124.54875,2,2850,53.8,57.5,46.4,16.3,F,MAT,1.49913701,0.803508772,1.870175439,124.3,88.7,0.684,16.4,-16.8,13.6,45.6,3.4
HLS_0217,Columbia,43,Westport,Washington,Summer,June,6/12/17,112.776,46.74575,-124.5535,2,2620,52.9,56,45.7,16.6,M,MAT,1.491891399,1.65648855,1.969465649,41.4,15.5,0.666,16.5,-16.4,13.4,44.6,3.3
HLS_0227,Columbia,43,Westport,Washington,Summer,June,6/14/17,128.016,47.074,-124.78407,1,1270,40.7,42.3,35,13.6,F,IMM,1.677963922,0.283464567,1.031496063,19.3,7.3,0.577,15.4,-16.9,13.8,44.7,3.2
HLS_0230,Columbia,43,Westport,Washington,Summer,June,6/14/17,128.016,47.0741,-124.78374,1,2860,56,59.1,47.6,16.3,F,MAT,1.385490622,0.769230769,1.377622378,63.4,43.7,0.52,16.4,-16.9,14.2,45.7,3.2
HLS_0233,Columbia,43,Westport,Washington,Summer,June,6/14/17,124.3584,47.07337,-124.78514,1,2260,41.1,43.2,35.3,12.2,M,IMM,2.803220101,0.110619469,0.703539823,17.3,7,#N/A,#N/A,#N/A,#N/A,#N/A,#N/A
HLS_0240,Columbia,43,Westport,Washington,Summer,June,6/14/17,128.016,47.07442,-124.7831,1,2090,48.8,52.9,43.5,15.1,F,MAT,1.411819805,0.406698565,0.928229665,18.8,1.1,0.507,16.5,-16.6,14,45.1,3.2
HLS_0250,Columbia,43,Westport,Washington,Summer,June,6/14/17,150.876,46.88531,-124.77661,1,2060,48.6,51,41.8,14,M,MAT,1.552947207,0.912621359,1.742718447,22.1,5.9,0.564,16.2,-16.9,14.2,46.3,3.3
HLS_0271,Columbia,43,Westport,Washington,Summer,June,6/14/17,152.4,46.88555,-124.77678,2,2340,48.6,52.4,42.3,14.9,M,MAT,1.626379893,1.568376068,2.179487179,21.9,4.8,0.682,16.6,-16.8,13.9,45.7,3.3
HLS_0287,Columbia,43,Garibaldi,Oregon,Summer,June,6/20/17,58.5216,45.59545,-124.02492,3,453,30.5,32.4,26.3,8.9,M,IMM,1.331874093,0.066225166,1.037527594,5,0.4,0.575,15.6,-16.5,13.8,44.4,3.2
HLS_0310,Columbia,43,Garibaldi,Oregon,Summer,June,6/20/17,58.5216,45.59642,-124.02618,3,960,35.6,40.6,33.4,11.7,M,IMM,1.434475491,0.03125,1.34375,11.4,1.6,0.566,15.9,-16.6,14.4,44.5,3.1
HLS_0314,Columbia,43,Garibaldi,Oregon,Summer,June,6/20/17,58.5216,45.60573,-124.02716,3,310,26.5,27.9,22.6,8.5,F,IMM,1.427411147,0.064516129,0.903225806,4.3,0.5,0.597,15.4,-16.4,14.6,45.1,3.1
HLS_0324,Columbia,43,Garibaldi,Oregon,Summer,June,6/19/17,117.0432,45.71607,-124.35308,3,2010,50.8,52,42.4,15.1,F,MAT,1.429506145,0.621890547,3.054726368,23,3.5,0.512,16,-17.2,14,46.4,3.3
HLS_0374,Columbia,43,Garibaldi,Oregon,Summer,June,6/19/17,117.0432,45.71634,-124.35397,3,1430,43.4,45.6,37.4,13.6,M,MAT,1.508139482,1.06993007,3.244755245,5.6,-,0.643,15.3,-17,13.7,45.4,3.3
HLS_0380,Columbia,43,Coos Bay,Oregon,Summer,June,6/29/17,118.872,43.23475,-124.61557,1,1410,44.5,46.8,38,13.9,M,MAT,1.375566382,1.070921986,0.921985816,68.3,54.3,0.552,15.8,-17.6,14,45.3,3.2
HLS_0383,Columbia,43,Coos Bay,Oregon,Summer,June,6/29/17,62.1792,43.24192,-124.49965,3,817,36.4,38.6,31.2,11,F,MAT,1.420561834,0.208078335,0.734394125,12.5,0,0.672,16.1,-17.3,14.9,46.2,3.1
HLS_0386,Columbia,43,Coos Bay,Oregon,Summer,June,6/29/17,63.7032,43.24021,-124.50047,2,822,36.9,38.3,31.7,10.8,M,IMM,1.463105004,0.0486618,0.754257908,12.6,2.6,0.651,15.6,-17.5,14.2,44.4,3.1
HLS_0388,Columbia,43,Coos Bay,Oregon,Summer,June,6/29/17,65.532,43.24617,-124.50232,3,742,36.7,38.1,31.9,10,M,IMM,1.341618315,0.040431267,0.76819407,10.4,0.3,0.628,16,-17.1,14.4,44.8,3.1
HLS_0392,Columbia,43,Coos Bay,Oregon,Summer,June,6/30/17,46.6344,43.2006,-124.45354,1,671,35.1,36.8,30.6,10.3,F,IMM,1.346415381,0.223546945,1.281669151,8.3,0.3,0.506,15.8,-16.8,14.1,44.7,3.2
HLS_0393,Columbia,43,Coos Bay,Oregon,Summer,June,6/30/17,46.0248,43.19881,-124.45427,1,678,34.5,36.2,31.7,11.3,M,IMM,1.429236117,0.014749263,1.563421829,24,14.9,#N/A,#N/A,#N/A,#N/A,#N/A,#N/A
HLS_0394,Columbia,43,Coos Bay,Oregon,Summer,June,6/30/17,46.9392,43.19926,-124.45431,1,646,33.6,36.1,29,10.2,M,IMM,1.37312765,0.015479876,0.975232198,8.7,0.3,0.596,16.2,-16.5,14.4,45.6,3.2
HLS_0395,Columbia,43,Coos Bay,Oregon,Summer,June,6/30/17,45.1104,43.19886,-124.45427,1,635,34.6,36.7,30.2,10.4,M,IMM,1.284622524,0,1.637795276,8.4,1.1,0.587,15.8,-16.7,14.4,44.9,3.1
HLS_0400,Columbia,43,Coos Bay,Oregon,Summer,June,6/30/17,46.9392,43.19926,-124.45431,1,527,32.6,34,39.1,9.7,F,IMM,1.34083045,0.113851992,1.252371917,5.5,0.4,0.584,15.9,-16.6,14.5,46.3,3.2
HLS_0401,Columbia,43,Coos Bay,Oregon,Summer,June,6/30/17,46.0248,43.19892,-124.45434,1,161,22.5,23.5,20,6.8,M,IMM,1.240572898,0,1.055900621,1.6,0.3,0.552,15,-16.7,14.3,45.5,3.2
HLS_0402,Columbia,43,Coos Bay,Oregon,Summer,June,6/30/17,46.9392,43.19761,-124.45394,1,770,35.2,36.6,30.4,10.5,M,IMM,1.570534457,0.038961039,1.428571429,11.8,2.8,0.505,16,-17,14.3,44.8,3.1
HLS_0404,Columbia,43,Coos Bay,Oregon,Summer,June,6/30/17,30.7848,43.23116,-124.42898,3,689,34.7,37,31.6,11.5,F,IMM,1.360235327,0.029027576,1.015965167,6.4,0.2,0.559,16,-16.7,14.1,44.6,3.2
HLS_0409,Columbia,43,Coos Bay,Oregon,Summer,June,6/30/17,36.2712,43.23156,-124.42735,1,2430,52.5,55.7,44.1,14.7,F,MAT,1.40617926,0.185185185,1.497942387,28.2,0,0.621,16.2,-16.6,13.8,44.8,3.2
HLS_0411,Columbia,43,Coos Bay,Oregon,Summer,June,6/30/17,45.4152,43.20043,-124.45345,1,2060,54.9,57.9,47.8,16.5,M,MAT,1.061283786,0.029126214,0.514563107,12.6,-,0.577,15.9,-17.1,14,45.1,3.2
HLS_0413,Columbia,43,Coos Bay,Oregon,Summer,June,6/30/17,46.6344,43.2006,-124.45354,1,1170,43.4,46.3,37.3,13,F,MAT,1.178807496,0.273504274,1.709401709,15.7,0,#N/A,#N/A,#N/A,#N/A,#N/A,#N/A
HLS_0415,Columbia,43,Coos Bay,Oregon,Summer,June,6/30/17,46.0248,43.19892,-124.45434,1,910,37.8,41,33.9,12.4,F,IMM,1.320352287,0.186813187,1.274725275,10.7,0.8,0.687,16.2,-16.9,14.4,45.9,3.2
HLS_0428,Columbia,43,Coos Bay,Oregon,Summer,June,6/30/17,36.2712,43.23155,-124.42786,1,564,32.8,35,29,10.7,F,IMM,1.315451895,0.159574468,1.843971631,6.1,0.2,0.67,15.6,-16.8,14.4,46.7,3.2
HLS_0430,Columbia,43,Coos Bay,Oregon,Summer,June,6/30/17,30.1752,43.23213,-124.42828,1,648,32.1,34,28.5,10.7,F,IMM,1.648687157,0.046296296,1.172839506,17.5,10.2,0.632,14.1,-16.7,14.4,45.4,3.2
HLS_0431,Columbia,43,Coos Bay,Oregon,Summer,June,6/30/17,33.528,43.27924,-124.42496,3,557,33.2,34.9,28.4,9.2,F,IMM,1.31032466,0.143626571,1.292639138,12.8,5.7,0.654,15.8,-16.7,13.9,44.9,3.2
HLS_0432,Columbia,43,Coos Bay,Oregon,Summer,June,6/30/17,30.1752,43.23213,-124.42828,1,727,35.2,36.7,29.6,10.4,M,IMM,1.470741063,0.027510316,1.348005502,7.7,0.5,0.568,15.6,-17.2,13.2,45.6,3.5
HLS_0437,Columbia,43,Coos Bay,Oregon,Summer,June,6/30/17,34.7472,43.26149,-124.42714,3,495,32.4,33.5,27.5,9.6,F,IMM,1.316651317,0.141414141,0.848484848,5.4,1.7,0.632,15.4,-16.7,14.5,46.1,3.2
HLS_0438,Columbia,43,Coos Bay,Oregon,Summer,June,6/30/17,34.7472,43.26136,-124.42705,3,697,34.9,36.2,30.5,10.4,F,IMM,1.469288456,0.157819225,1.334289813,8.6,1.8,0.602,15.5,-16.8,14.2,46.6,3.3
HLS_1028,Columbia,43,Westport,Washington,Summer,June,6/4/18,144.78,46.64345,-124.58952,1,2340,49.9,53.1,42.1,15.6,M,MAT,1.562903969,1.829059829,1.645299145,20.4,0.7,0.52,14.9,-17.5,13.6,46.3,3.4
HLS_1044,Columbia,43,Westport,Washington,Summer,June,6/4/18,144.78,46.64345,-124.58952,1,2540,51.9,55.3,43.9,15.5,F,MAT,1.501959848,0.811023622,2.893700787,28.6,1.4,0.653,15.6,-17.1,13.6,45.7,3.4
HLS_1053,Columbia,43,Westport,Washington,Summer,June,6/4/18,60.96,46.62511,-124.31419,1,590,32.4,34.2,27.5,10.1,F,IMM,1.474937758,0.101694915,2.474576271,6.2,1.3,0.535,15.5,-17.3,13.7,46.2,3.4
HLS_1066,Columbia,43,Westport,Washington,Summer,June,6/4/18,144.78,46.64551,-124.58953,1,1850,48.5,52,41.4,14.7,M,MAT,1.315714611,0.032432432,2.437837838,15.6,0,0.531,16.4,-16.7,13.8,45.5,3.3
HLS_1068,Columbia,43,Westport,Washington,Summer,June,6/4/18,60.0456,46.62481,-124.31366,1,650,32.5,34.3,27.3,10.1,F,IMM,1.610760594,0.123076923,1.615384615,13.1,6.7,0.592,15.5,-17,14.2,46.1,3.2
HLS_1072,Columbia,43,Westport,Washington,Summer,June,6/4/18,144.78,46.64551,-124.58953,1,2650,52.9,55.7,44.3,16.7,F,MAT,1.53348767,0.8,1.113207547,24.2,0,0.681,15.6,-17,14.4,46.4,3.2
HLS_1076,Columbia,43,Westport,Washington,Summer,June,6/4/18,60.96,46.62487,-124.31367,1,550,30.8,32.4,25.9,9.5,F,IMM,1.617065676,0.145454545,1.909090909,5.1,2.2,0.533,15.2,-16.8,14.1,45.5,3.2
HLS_1078,Columbia,43,Westport,Washington,Summer,June,6/4/18,60.96,46.62511,-124.31419,1,650,33,34.7,27.5,10.2,M,IMM,1.555696706,0.092307692,2.307692308,6.6,0,0.516,15.7,-16.8,14.1,45.2,3.2
HLS_1085,Columbia,43,Westport,Washington,Summer,June,6/4/18,60.96,46.62511,-124.31419,1,250,24,25.5,20.2,7.5,F,IMM,1.507715735,0.16,2.4,4.4,0,0.591,15,-17.1,14.5,47.5,3.3
HLS_1089,Columbia,43,Westport,Washington,Summer,June,6/4/18,144.78,46.64339,-124.58958,1,2290,52.4,55.5,44.4,16.2,F,MAT,1.339542611,0.777292576,1.956331878,30.1,8.9,0.593,15.8,-17.1,14,46.9,3.3
HLS_1096,Columbia,43,Westport,Washington,Summer,June,6/4/18,60.96,46.62487,-124.31367,1,570,31,32.9,26.4,10.4,M,IMM,1.600616029,0.052631579,2.368421053,4.2,0.1,0.622,15.6,-16.7,14.3,45.8,3.2
HLS_1097,Columbia,43,Westport,Washington,Summer,June,6/4/18,60.96,46.62511,-124.31419,1,420,28.4,30.1,23.8,8.9,F,IMM,1.54010313,0.142857143,1.642857143,6.2,1.8,0.692,15.1,-16.7,14.7,48,3.3
HLS_1098,Columbia,43,Westport,Washington,Summer,June,6/4/18,144.78,46.64345,-124.58952,1,2330,50.5,53.7,42.2,16.5,M,MAT,1.504641597,1.253218884,2.330472103,33.7,14.3,0.524,15.3,-17.3,12.8,43,3.3
HLS_1106,Columbia,43,Westport,Washington,Summer,June,6/4/18,60.96,46.62487,-124.31367,1,400,28.6,30.1,24.2,8.5,M,IMM,1.466764886,0.075,1.875,6.7,0.6,0.621,14.9,-16.5,14,42.9,3.1
HLS_1114,Columbia,43,Westport,Washington,Summer,June,6/4/18,60.96,46.62511,-124.31419,1,440,29.5,31.4,24.7,9.6,M,IMM,1.421227925,0.022727273,2.590909091,5.6,0.7,0.515,15.4,-16.8,14.3,44,3.1
HLS_1116,Columbia,43,Westport,Washington,Summer,June,6/4/18,60.96,46.62511,-124.31419,1,480,29.9,31.5,25.6,9.4,M,IMM,1.535711286,0.0625,2.208333333,5.3,1.1,0.538,15.4,-17.1,14.5,44.6,3.1
HLS_1117,Columbia,43,Westport,Washington,Summer,June,6/4/18,144.78,46.64345,-124.58952,1,2350,50.6,53.5,43.2,17.6,F,MAT,1.534640009,0.642553191,2.09787234,37.9,15,0.629,15.2,-17.2,14.3,45.2,3.2
HLS_1126,Columbia,43,Westport,Washington,Summer,June,6/4/18,60.96,46.62487,-124.31367,1,430,28.7,30.6,24.1,8.5,M,IMM,1.50073557,0.046511628,1.88372093,4.2,0.2,0.627,15.5,-17.4,14.2,46.4,3.3
HLS_1128,Columbia,43,Westport,Washington,Summer,June,6/4/18,60.0456,46.62481,-124.31366,1,600,31.4,32.9,26,10.4,M,IMM,1.684858978,0.083333333,2.1,7.1,1.1,0.59,15.7,-16.8,16,49.6,3.1
HLS_1130,Columbia,43,Westport,Washington,Summer,June,6/4/18,60.96,46.62487,-124.31367,1,410,27.7,29.4,23.9,9.4,M,IMM,1.613399305,0.024390244,2.268292683,5.4,0.3,0.646,15.9,-17.1,12.7,41.9,3.3
HLS_1139,Columbia,43,Newport,Oregon,Summer,June,6/14/18,182.88,44.9708,-124.35346,2,1940,46.7,49.6,39.5,14.6,M,MAT,1.589852011,1.979381443,2.706185567,18.8,2.4,0.658,15.2,-17.7,13.6,43.7,3.2
HLS_1144,Columbia,43,Newport,Oregon,Summer,June,6/12/18,144.65808,44.89556,-124.43243,2,1320,41.6,44,34.8,12.6,M,IMM,1.549586777,0.666666667,1.795454545,26.3,14.5,0.614,14.4,-18,13.8,44.1,3.2
HLS_1145,Columbia,43,Newport,Oregon,Summer,June,6/12/18,144.65808,44.89556,-124.43243,2,2430,50.2,52.7,42.4,15.5,F,MAT,1.66025359,0.971193416,2.259259259,27.5,43167,0.662,14.8,-18.6,13.9,46.7,3.4
HLS_1149,Columbia,43,Newport,Oregon,Summer,June,6/12/18,144.65808,44.89556,-124.43243,2,2700,47.5,51,40.1,14.7,M,MAT,2.035416243,1.622222222,2.074074074,47.1,28.8,0.602,15,-19.6,12.4,49.5,4
HLS_1152,Columbia,43,Newport,Oregon,Summer,June,6/12/18,142.82928,44.66778,-120.43262,3,890,45.1,47.6,38.5,14.3,M,MAT,0.825218867,2.426966292,3.674157303,15.6,1,0.576,15.4,-17.6,14.5,46.3,3.2
HLS_1153,Columbia,43,Newport,Oregon,Summer,June,6/13/18,75.71232,44.18109,-124.81804,3,1270,41.7,44.2,35.9,12.3,F,IMM,1.470743416,0.42519685,1.31496063,15.3,4.4,0.573,14.7,-17.5,14.5,45.6,3.2
HLS_1156,Columbia,43,Newport,Oregon,Summer,June,6/13/18,75.71232,44.18109,-124.81804,3,1690,43.5,46.6,36.4,13.5,M,MAT,1.670048003,1.467455621,1.431952663,18.2,3.7,0.669,15.8,-17.5,14.1,44.4,3.2
HLS_1158,Columbia,43,Newport,Oregon,Summer,June,6/13/18,111.5568,44.20773,-124.84341,3,1980,48.6,52.1,41.5,15.4,F,MAT,1.40007732,0.621212121,1.828282828,19.6,0,0.505,14.9,-17.6,13.9,44,3.2
HLS_1160,Columbia,43,Newport,Oregon,Summer,June,6/12/18,143.74368,44.71889,-124.43163,3,1960,47.9,50.7,40.6,14.5,F,MAT,1.503945828,0.352040816,2.035714286,32.1,16.8,0.516,15.3,-17.8,14,46.1,3.3
HLS_1161,Columbia,43,Newport,Oregon,Summer,June,6/12/18,149.0472,44.66944,-124.35284,2,2650,54.4,57.4,56.3,16.2,F,MAT,1.401232484,0.80754717,2.075471698,26,8.8,0.571,15,-18.3,14.3,45.3,3.2
HLS_1164,Columbia,43,Newport,Oregon,Summer,June,6/12/18,142.82928,44.695,-124.43266,3,2480,53.7,56.5,45.8,15.3,M,MAT,1.375011522,2.052419355,2.564516129,56,34.3,0.641,15,-18.1,14.4,46.4,3.2
HLS_1165,Columbia,43,Newport,Oregon,Summer,June,6/12/18,146.304,44.66944,-124.43238,2,1940,47.9,49.8,39.9,14.5,F,MAT,1.570773991,0.603092784,2.634020619,18.6,4.3,0.502,14.9,-18.4,14.4,46.5,3.2
HLS_1172,Columbia,43,Newport,Oregon,Summer,June,6/12/18,143.74368,44.89667,-124.43213,3,2310,51.5,54.2,44.2,15.4,F,MAT,1.450821959,0.904761905,3.038961039,31.1,10.7,0.63,15.2,-18,13.8,46.8,3.4
HLS_1174,Columbia,43,Newport,Oregon,Summer,June,6/12/18,143.74368,44.71889,-124.43163,3,2250,50.5,53.1,42.4,15.6,F,MAT,1.502792278,1.031111111,2.648888889,25.2,22.4,#N/A,#N/A,#N/A,#N/A,#N/A,#N/A
HLS_1176,Columbia,43,Newport,Oregon,Summer,June,6/12/18,144.65808,44.89556,-124.43243,2,1970,48.2,51,41.3,14.1,M,MAT,1.485099999,2,2.086294416,20.8,3.5,0.644,14.7,-17.9,14.4,46.9,3.3
HLS_1177,Columbia,43,Newport,Oregon,Summer,June,6/12/18,143.74368,44.6625,-121.4324,3,2100,48.8,51.3,42.3,15,F,MAT,1.555489914,0.876190476,2.438095238,40.2,23.4,0.596,15,-18.1,14.2,46.7,3.3
HLS_1180,Columbia,43,Newport,Oregon,Summer,June,6/12/18,144.65808,44.89556,-124.43243,2,3540,60,63.4,50.9,16.9,F,MAT,1.389106324,1.163841808,2.711864407,42.7,5.6,0.579,15.5,-18.3,13.6,46.1,3.4
HLS_1183,Columbia,43,Newport,Oregon,Summer,June,6/12/18,144.65808,44.89556,-124.43243,2,2240,49.7,52.1,42.4,16.3,M,MAT,1.583925857,3.816964286,2.080357143,18.2,1.3,0.538,14.8,-18.1,13.8,46.1,3.3
HLS_1184,Columbia,43,Newport,Oregon,Summer,June,6/12/18,143.92656,44.89056,-124.43262,2,1600,45.6,48.2,38.5,13.8,F,IMM,1.428824433,0.39375,1.94375,16.5,2.6,0.677,14.7,-17.9,14.2,46.4,3.3
HLS_1202,Columbia,43,Newport,Oregon,Summer,June,6/14/18,182.88,44.97084,-124.35319,2,2120,49.7,52.5,42.2,14.3,M,MAT,1.465068567,1.608490566,2.83490566,17.5,0.1,0.622,15.3,-17.5,13.9,46.2,3.3
HLS_1207,Columbia,43,Newport,Oregon,Summer,June,6/14/18,150.69312,44.91328,-124.31353,2,1180,41.6,44,35.7,12.3,F,IMM,1.385236664,0.211864407,1.728813559,12.4,3.4,0.534,16.3,-16.5,14.1,45.1,3.2
HLS_1223,Columbia,43,Newport,Oregon,Summer,June,6/14/18,181.78272,44.97033,-124.35326,2,2360,50,53.2,42.9,15.8,F,MAT,1.567390124,1,3.279661017,22,0.2,0.69,15.6,-17.3,14,45.7,3.3
HLS_1228,Columbia,43,Newport,Oregon,Summer,June,6/14/18,181.59984,44.97039,-124.3528,2,2150,48.7,50.3,41,15,M,MAT,1.689407838,1.460465116,2.023255814,15.9,1.8,0.559,16.1,-17.5,13.6,44.4,3.3
HLS_1235,Columbia,43,Newport,Oregon,Summer,June,6/14/18,181.0512,44.9694,-124.35352,2,1940,47.2,49.6,40.5,14.1,M,MAT,1.589852011,1.216494845,3.134020619,15.4,1.1,0.603,15.2,-17.8,13.7,45.9,3.4
HLS_1239,Columbia,43,Newport,Oregon,Spring,May,5/9/18,47.27448,44.86848,-124.09183,3,1600,45.2,47.3,38.6,13.7,F,IMM,1.511946975,0.15,1.1625,16.8,0.4,0.603,16.1,-16.4,14.1,46.1,3.3
HLS_1242,Columbia,43,Newport,Oregon,Spring,May,5/9/18,29.38272,44.85945,-124.07379,3,370,26.2,27.3,22.3,8.5,M,IMM,1.818502,0.027027027,1.324324324,3.1,0.5,0.507,15,-16.6,14.1,45.5,3.2
HLS_1244,Columbia,43,Newport,Oregon,Spring,May,5/3/18,25.48128,44.94138,-124.04563,3,430,37.8,39.3,32.1,12.5,M,IMM,0.708419985,0.162790698,4.255813953,10,0.1,0.68,14.4,-16.2,14.1,46.1,3.3
HLS_1245,Columbia,43,Newport,Oregon,Spring,May,5/3/18,31.48584,44.95073,-124.06179,3,470,27.8,29.2,23.9,9.5,F,IMM,1.887770971,0.127659574,1.170212766,12.6,7.4,0.512,15.2,-16.4,14,45,3.2
HLS_1249,Columbia,43,Newport,Oregon,Spring,April,4/18/18,30.57144,44.91622,-124.05448,3,630,32.3,33.5,27.4,10.2,F,IMM,1.67573804,0.015873016,1.158730159,10.7,3.2,0.521,15.4,-16.5,13.5,43.6,3.2
HLS_1252,Columbia,43,Newport,Oregon,Spring,April,4/18/18,34.68624,44.93229,-124.06133,3,270,24.5,25.2,20.7,7.2,F,IMM,1.68718281,0.037037037,0.555555556,11.1,7.2,0.603,15,-16.4,13.8,44.8,3.3
HLS_1254,Columbia,43,Newport,Oregon,Spring,April,4/18/18,33.58896,44.91937,-124.05987,3,730,33.7,35,29,11.1,F,IMM,1.702623907,0.178082192,1.273972603,8.4,1,0.65,14.9,-16.5,14.2,45.6,3.2
HLS_0001,Conception,32,Morro Bay,Central California,Spring,May,5/8/17,64.008,35.28931,-120.93385,3,600,32.9,33.9,27.5,9.4,M,IMM,1.540111472,0.05,1.166666667,15.1,10.3,0.602,15.3,-17.7,12.3,38.3,3.1
HLS_0002,Conception,32,Morro Bay,Central California,Spring,May,5/8/17,36.576,35.29181,-120.90806,1,1040,39,40.4,33.9,12.3,F,IMM,1.57720899,0.028846154,0.875,12.2,2.2,0.683,15.9,-17.3,14.5,45.1,3.1
HLS_0002,Conception,32,Morro Bay,Central California,Spring,May,5/8/17,36.576,35.29181,-120.90806,1,1040,39,40.4,33.9,12.3,F,IMM,1.57720899,0.028846154,0.875,12.2,2.2,0.683,15.9,-17.3,14.5,45.1,3.1
HLS_0004,Conception,32,Morro Bay,Central California,Spring,May,5/9/17,92.3544,35.4519,-121.06509,1,740,37.2,38.9,31.8,10.7,F,IMM,1.257137889,0.054054054,1.351351351,24.5,12.3,0.691,16.3,-17.4,14.5,45.4,3.1
HLS_0006,Conception,32,Morro Bay,Central California,Spring,May,5/9/17,92.0496,35.45447,-121.06621,1,830,37,39.5,33.2,11.9,F,MAT,1.346749446,0.240963855,0.65060241,14.6,6.7,0.61,16.2,-17.2,14.3,45.2,3.2
HLS_0007,Conception,32,Morro Bay,Central California,Spring,May,5/9/17,90.2208,35.41441,-121.00708,3,1210,38.6,40.2,32.7,12.3,F,MAT,1.862546873,0.165289256,1.157024793,12.8,3.3,0.658,16.2,-17.4,14.2,46.5,3.3
HLS_0008,Conception,32,Morro Bay,Central California,Spring,May,5/9/17,92.964,35.45456,-121.06805,1,790,34.8,36.4,29.1,11.6,M,MAT,1.638034107,0.075949367,0.987341772,11.1,1.6,0.602,15.5,-17.5,14.4,45.4,3.2
HLS_0011,Conception,32,Morro Bay,Central California,Spring,May,5/9/17,93.2688,35.45478,-121.06831,1,810,30.4,32.1,25.9,8.9,M,IMM,2.448893631,0.012345679,0.604938272,6.4,0.6,0.678,15.6,-17.5,14.4,46.2,3.2
HLS_0012,Conception,32,Morro Bay,Central California,Spring,May,5/9/17,93.2688,35.45455,-121.06847,1,700,32.7,34.3,28.1,9.8,F,IMM,1.734665256,0.157142857,1,7.4,0.4,0.533,15.8,-18.1,13.2,46.8,3.5
HLS_0013,Conception,32,Morro Bay,Central California,Spring,May,5/9/17,92.0496,35.45469,-121.06541,1,320,25.5,26.9,21.9,7.8,F,IMM,1.643967162,0.0625,0.71875,8.3,3.6,0.522,15.1,-17.9,13.8,44.4,3.2
HLS_0015,Conception,32,Morro Bay,Central California,Spring,May,5/9/17,92.964,35.45456,-121.06805,1,1040,37.4,39.5,32.2,11.5,F,MAT,1.687493281,0.230769231,1.038461538,17.1,7.7,0.616,16.1,-17.4,14.4,46.1,3.2
HLS_0019,Conception,32,Morro Bay,Central California,Spring,May,5/9/17,90.2208,35.41441,-121.00708,3,920,35.2,37.1,30.7,12.3,F,IMM,1.801632048,0.097826087,0.97826087,10.8,0.6,0.516,16.2,-18.2,13.4,46.4,3.5
HLS_0646,Conception,32,Morro Bay,Central California,Spring,May,5/10/17,92.6592,35.45308,-121.0657,2,1070,37.7,39.5,32.1,11.3,F,MAT,1.736170972,0.196261682,0.91588785,36.2,25.6,0.524,16.2,-17.4,14,46.4,3.3
HLS_0647,Conception,32,Morro Bay,Central California,Spring,May,5/10/17,95.0976,35.45213,-121.06694,2,846,36.3,37.8,30.9,10.7,F,IMM,1.566372189,0.141843972,0.862884161,8.9,2.1,0.591,16.2,-17.7,13.8,47.4,3.4
HLS_0651,Conception,32,Morro Bay,Central California,Spring,May,5/10/17,92.964,35.45307,-121.0659,2,881,35.6,37.3,30.2,10.8,M,IMM,1.697654907,0.034052213,0.794551646,14.6,7.2,0.502,15.8,-17.5,14.1,46.4,3.3
HLS_0653,Conception,32,Morro Bay,Central California,Spring,May,5/10/17,95.0976,35.45213,-121.06694,2,970,37.1,39,31.2,11.3,F,MAT,1.635226487,0.195876289,0.463917526,11,2.2,#N/A,#N/A,#N/A,#N/A,#N/A,#N/A
HLS_0654,Conception,32,Morro Bay,Central California,Spring,May,5/10/17,96.012,35.4537,-121.06902,1,1390,42.2,43.3,35.7,12.1,M,MAT,1.712186668,0.079136691,1.597122302,13.7,3.9,0.541,15.9,-18.2,11.9,50.3,4.2
HLS_0655,Conception,32,Morro Bay,Central California,Spring,May,5/10/17,95.0976,35.45213,-121.06694,2,861,36.2,38.5,31.4,11,F,IMM,1.508762784,0.139372822,0.662020906,11.1,3.4,0.546,15.7,-17.5,14.2,46.2,3.2
HLS_0656,Conception,32,Morro Bay,Central California,Spring,May,5/10/17,92.964,35.45281,-121.06494,2,752,34,35.8,28.6,10.1,M,IMM,1.638961533,0.013297872,0.864361702,17.1,8.9,0.532,15.9,-17.7,14.1,47.6,3.4
HLS_0658,Conception,32,Morro Bay,Central California,Spring,May,5/10/17,96.012,35.4537,-121.06902,1,807,35.9,37.4,30.4,10.6,F,IMM,1.542619185,0.148698885,0.656753408,13.5,6.5,0.619,15.9,-17.6,14.2,46.6,3.3
HLS_0660,Conception,32,Morro Bay,Central California,Spring,May,5/10/17,96.012,35.44592,-121.06236,1,363,27.1,28.2,23.1,8.4,M,IMM,1.618673661,0,0.523415978,8.6,4.4,0.607,14.9,-17.7,14.3,46.3,3.2
HLS_0661,Conception,32,Morro Bay,Central California,Spring,May,5/10/17,93.2688,35.45321,-121.0659,2,620,32.2,34.3,28,9.8,M,IMM,1.536417798,0,0.64516129,10,4,0.584,15.3,-17.8,14.2,46.6,3.3
HLS_0663,Conception,32,Morro Bay,Central California,Spring,May,5/8/17,66.1416,35.3145,-120.93403,3,876,35.5,36.8,29.6,10.9,M,MAT,1.757764342,0.079908676,0.970319635,16,7.7,0.548,15.6,-19.2,11.4,53.1,4.7
HLS_0665,Conception,32,Morro Bay,Central California,Spring,May,5/10/17,95.0976,35.45213,-121.06694,2,838,35.7,37.4,30.8,10.6,M,MAT,1.601877171,0.071599045,0.727923628,8.3,1.3,0.555,16.1,-18.3,12.7,48.7,3.8
HLS_0666,Conception,32,Morro Bay,Central California,Spring,May,5/8/17,53.34,35.30289,-120.92262,2,464,27.9,29.2,24.1,8.7,M,IMM,1.863671768,0.021551724,0.969827586,7.8,1.7,0.608,15.4,-17.4,14.2,46.4,3.3
HLS_0667,Conception,32,Morro Bay,Central California,Spring,May,5/8/17,36.576,35.29186,-120.9091,1,315,26.2,27.3,22.4,7.1,M,IMM,1.548184135,0,0.571428571,8.9,5.1,0.559,15.5,-17.9,13.7,47.3,3.4
HLS_0669,Conception,32,Morro Bay,Central California,Spring,May,5/10/17,92.964,35.452,-121.06443,2,890,35.8,37.7,30.6,11.3,M,IMM,1.660985939,0.056179775,0.797752809,16.8,10,0.558,15.5,-17.6,14.2,46.6,3.3
HLS_0670,Conception,32,Morro Bay,Central California,Spring,May,5/10/17,92.6592,35.45308,-121.0657,2,772,34,36,28.9,10.2,F,IMM,1.654663923,0.116580311,0.945595855,15.3,6.9,0.517,15.8,-17.9,13.7,47.5,3.5
HLS_0673,Conception,32,Morro Bay,Central California,Spring,May,5/10/17,92.6592,35.45308,-121.0657,2,1190,39.1,41.5,33.5,12.1,M,IMM,1.664955657,0.042016807,1.067226891,27.1,15.1,#N/A,#N/A,#N/A,#N/A,#N/A,#N/A
HLS_1258,Conception,32,Morro Bay,Central California,Summer,July,7/24/18,34.4424,35.39352,-121.00478,2,1140,39.8,42,34,11.5,F,MAT,1.538710722,0.201754386,1.780701754,31.6,18.1,0.669,15.7,-17.5,14.4,46.4,3.2
HLS_1259,Conception,32,Morro Bay,Central California,Summer,July,7/24/18,34.4424,35.39352,-121.00478,2,1210,39.6,41.6,33.8,12.7,M,MAT,1.680758741,0.190082645,2.198347107,18.7,5.6,0.622,15.9,-17.2,13.9,44.4,3.2
HLS_1261,Conception,32,Morro Bay,Central California,Summer,July,7/23/18,76.2,35.64555,-121.31515,1,1150,40.2,42.9,34.3,12.4,F,MAT,1.456551899,0.182608696,1.139130435,11,0.5,0.623,16,-17.1,14,44.9,3.2
HLS_1263,Conception,32,Morro Bay,Central California,Summer,July,7/23/18,76.8096,35.64658,-121.31736,1,880,36.7,38,31.1,11,F,MAT,1.603732322,0.193181818,1.034090909,30.5,21.8,0.546,16.1,-17.2,14.7,45.7,3.1
HLS_1272,Conception,32,Morro Bay,Central California,Summer,July,7/24/18,34.4424,35.39352,-121.00478,2,820,36.1,37.5,30.6,11,M,MAT,1.554962963,0.231707317,1.536585366,10.7,1.4,0.643,15.4,-17.2,14.4,45.3,3.2
HLS_1273,Conception,32,Morro Bay,Central California,Summer,July,7/24/18,34.4424,35.39352,-121.00478,2,930,37.7,39.3,32.5,10.7,M,MAT,1.532164154,0.204301075,1.623655914,9.8,0,0.635,15.6,-17.4,14.2,45,3.2
HLS_1276,Conception,32,Morro Bay,Central California,Summer,July,7/24/18,100.584,35.39364,-121.00478,2,1230,39.8,41.6,33.5,13.2,F,MAT,1.708539877,0.162601626,1.796747967,12.2,0.5,0.508,15.8,-17.4,14.1,44.3,3.1
HLS_1284,Conception,32,Morro Bay,Central California,Summer,July,7/24/18,100.584,35.39362,-121.00468,2,900,36.2,37.9,30.4,11.4,M,MAT,1.653198032,0.122222222,1.366666667,12.2,3.7,0.57,15.7,-17,13.9,44.5,3.2
HLS_1291,Conception,32,Morro Bay,Central California,Summer,July,7/24/18,100.584,35.39362,-121.00468,2,1220,39.1,40.4,33.1,11.1,M,IMM,1.850187469,0.040983607,0.598360656,24.6,13.4,0.542,15.7,-17.1,14.3,44.7,3.1
HLS_1300,Conception,32,Morro Bay,Central California,Summer,July,7/24/18,100.584,35.39364,-121.00478,2,1230,41.9,43.9,35,12.9,F,MAT,1.453823052,0.235772358,1.203252033,12.8,2.4,0.631,15.8,-17.2,14.4,45.7,3.2
HLS_1307,Conception,32,Morro Bay,Central California,Summer,July,7/24/18,100.584,35.39364,-121.00478,2,780,35.6,36.8,29.8,11.6,M,MAT,1.565132633,0.153846154,0.974358974,9.3,1.5,0.669,15.4,-17.6,14,46.8,3.3
HLS_1434,Conception,32,Santa Barbara,Central California,Fall,October,10/19/18,103.632,34.35638889,-119.7336111,3,1410,42.9,45.3,36.2,13.3,F,MAT,1.516786682,0.624113475,1.964539007,17.9,4.2,0.53,15.1,-17.7,13.8,46.3,3.4
HLS_1449,Conception,32,Santa Barbara,Central California,Fall,October,11/15/18,122.8344,34.50385,-120.7128667,3,2750,51.3,55,44,16.5,F,MAT,1.652892562,9.789090909,1.763636364,21.9,0.1,0.572,15.5,-17.3,13.8,45.6,3.3
HLS_1457,Conception,32,Santa Barbara,Central California,Fall,October,11/16/18,112.776,34.47653,-120.6505833,3,1429.2,43.2,45.5,36.8,13.8,F,MAT,1.517255839,0.314861461,0.965575147,16.8,0.4,0.62,15.6,-17.5,14.7,47.6,3.2
HLS_1458,Conception,32,Santa Barbara,Central California,Fall,October,11/16/18,122.5296,34.50432,-120.7119167,3,1302.1,40.7,42.7,34.4,13.2,M,MAT,1.672479156,0.115198525,1.367022502,24.2,11.7,0.65,15.5,-17.7,14.5,48.5,3.4
HLS_1486,Conception,32,Santa Barbara,Central California,Fall,October,11/15/18,122.8344,34.50468,-120.7120667,3,801.6,34.3,35.8,28.5,10.9,M,IMM,1.747063251,0.0499002,0.998003992,12.7,4.5,0.592,15.7,-17.5,14.6,47.3,3.2
HLS_1490,Conception,32,Santa Barbara,Central California,Fall,October,11/15/18,123.444,34.50475,-120.7127,3,1553.4,45,47.1,38.7,14.3,F,MAT,1.486690545,0.720999099,1.15231106,30.7,15.8,#N/A,#N/A,#N/A,#N/A,#N/A,#N/A
HLS_0441,Eureka,40.1,Brookings,Oregon,Summer,July,7/5/17,65.2272,41.5079,-124.23241,1,529,32.5,34.4,28.3,9.9,F,IMM,1.29951215,0.170132325,0.623818526,9.5,5.5,0.628,14.1,-16.8,11.8,36.6,3.1
HLS_0442,Eureka,40.1,Brookings,Oregon,Summer,July,7/5/17,42.672,41.49919,-124.2304,2,336,27.3,29.2,22.5,8.1,M,IMM,1.349555418,0.05952381,0.68452381,3.7,0.3,0.66,14.9,-17.4,14.7,46,3.1
HLS_0447,Eureka,40.1,Brookings,Oregon,Summer,July,7/5/17,65.2272,41.507,-124.23263,1,527,32.2,33.2,27.6,9.8,M,IMM,1.440112315,0.208728653,0.740037951,6.5,0.3,0.639,14.7,-17.4,14.3,45,3.1
HLS_0456,Eureka,40.1,Brookings,Oregon,Summer,July,7/5/17,67.6656,41.52132,-124.24499,2,720,35.5,38.3,29,10.8,M,IMM,1.281551828,0.041666667,1.416666667,7.6,1.6,0.636,15.1,-17.5,14,44.5,3.2
HLS_0458,Eureka,40.1,Brookings,Oregon,Summer,July,7/5/17,79.248,41.52143,-124.24724,1,349,28.9,30.2,24.7,8,F,IMM,1.26708164,0.143266476,0.830945559,3.5,0.2,0.536,14.9,-17.1,13.8,43.6,3.2
HLS_0462,Eureka,40.1,Brookings,Oregon,Summer,July,7/5/17,73.152,42.88374,-124.42018,2,750,36,38.1,31.9,11,M,IMM,1.356083202,0,1.133333333,7.5,0,0.624,15.6,-17,13.9,44.8,3.2
HLS_0470,Eureka,40.1,Brookings,Oregon,Summer,July,7/5/17,55.4736,41.51189,-124.23291,3,1400,44.2,46.7,37.5,12.3,F,MAT,1.374603337,0.178571429,0.657142857,15.3,0.9,0.61,15.1,-17.3,14.7,47.6,3.2
HLS_0474,Eureka,40.1,Brookings,Oregon,Summer,July,7/5/17,67.6656,41.52132,-124.24499,2,223,24.5,25.5,20.8,6.5,F,IMM,1.344882436,0,0.941704036,2.5,0,0.508,14.4,-17.1,13.9,44.2,3.2
HLS_0490,Eureka,40.1,Brookings,Oregon,Summer,July,7/5/17,65.2272,41.50786,-124.23241,1,718,36,38,30.9,11,F,IMM,1.308499781,0.167130919,0.682451253,9.8,2.5,0.531,15.5,-16.1,13.9,44.2,3.2
HLS_0491,Eureka,40.1,Brookings,Oregon,Summer,July,7/5/17,65.2272,41.507,-124.23263,1,504,31,33.3,27.2,9.6,F,IMM,1.364890578,0.178571429,0.853174603,5.5,2.1,0.516,14.7,-17.5,13.8,43.9,3.2
HLS_0509,Eureka,40.1,Brookings,Oregon,Summer,July,7/5/17,67.6656,41.52132,-124.24499,2,424,29.2,30,25.3,8.6,M,IMM,1.57037037,0.070754717,1.580188679,4.4,0.6,0.563,14.8,-17.4,14.1,45,3.2
HLS_0510,Eureka,40.1,Brookings,Oregon,Summer,July,7/5/17,67.6656,41.52132,-124.24499,2,148,22.1,23.2,19.9,6.2,UNK,IMM,1.185216696,0,1.013513514,1.2,0,0.582,14.1,-17.3,13.8,43.7,3.2
HLS_0527,Eureka,40.1,Brookings,Oregon,Summer,July,7/5/17,66.1416,41.52005,-124.24541,1,1694,47,50.4,41,13.4,M,MAT,1.323188741,0.519480519,0.885478158,15.3,2.4,0.66,15.5,-16.5,14.2,45.6,3.2
HLS_0530,Eureka,40.1,Brookings,Oregon,Summer,July,7/5/17,63.3984,41.32189,-124.247,1,523,31,32.1,26.1,8.6,UNK,IMM,1.581199221,0.076481836,0.86042065,5.9,0.8,0.539,15.1,-17.4,14.4,45.4,3.2
HLS_0531,Eureka,40.1,Brookings,Oregon,Summer,July,7/5/17,66.1416,41.52094,-124.24503,1,358,28.6,30.8,24.7,8.1,F,IMM,1.225267396,0.055865922,0.837988827,2.9,0,0.522,14.3,-17.5,14,44.4,3.2
HLS_0538,Eureka,40.1,Brookings,Oregon,Summer,July,7/5/17,66.1416,41.52121,-124.24495,1,218,23.2,24.9,20.2,7.2,F,IMM,1.412077238,0.04587156,0.779816514,2.3,0.3,0.601,14.5,-17,14.1,44.7,3.2
HLS_0542,Eureka,40.1,Brookings,Oregon,Summer,July,7/5/17,66.1416,41.52094,-124.24503,1,412,29.9,31.4,25.3,8.8,F,IMM,1.330786148,0.145631068,0.72815534,6.8,3.1,0.606,14.9,-16.8,13.5,43,3.2
HLS_0741,Eureka,40.1,Brookings,Oregon,Fall,September,9/7/17,60.96,42.78708,-124.61359,3,850,36.4,39.1,32.3,10.5,M,IMM,1.42196417,0.058823529,0.470588235,6,0.1,0.696,13.8,-16.5,14.3,46.7,3.3
HLS_0742,Eureka,40.1,Brookings,Oregon,Fall,September,9/7/17,53.0352,42.66982,-124.47434,3,1570,45.5,47.5,39.1,13.2,F,MAT,1.46493658,0.159235669,0.617834395,19,3.2,0.508,15.8,-17,14,44.8,3.2
HLS_0743,Eureka,40.1,Brookings,Oregon,Fall,September,9/7/17,53.0352,42.66982,-124.47434,3,970,36.7,38.4,31.8,11.1,M,IMM,1.713081642,0.051546392,1.432989691,7.5,0.5,0.627,14.9,-16.4,14.4,46.7,3.3
HLS_0744,Eureka,40.1,Brookings,Oregon,Fall,September,9/7/17,53.0352,42.66982,-124.47434,3,730,34.4,35.9,29,10.1,F,IMM,1.577754816,0.123287671,0.808219178,7.87,1.2,0.604,14.9,-16.5,14,46.5,3.3
HLS_0745,Eureka,40.1,Brookings,Oregon,Fall,September,9/7/17,53.0352,42.66982,-124.47434,3,750,33.9,35.5,28.8,10.5,F,IMM,1.676394411,0.133333333,1.013333333,7.3,2.5,0.631,13.5,-16.5,14.3,46.3,3.2
HLS_0746,Eureka,40.1,Brookings,Oregon,Fall,September,9/7/17,53.0352,42.66982,-124.47434,3,910,36.9,38.4,31.9,11.1,F,IMM,1.607117829,0.120879121,0.813186813,5.4,0,0.645,14.7,-16.5,14.4,48.6,3.4
HLS_0747,Eureka,40.1,Brookings,Oregon,Fall,September,8/30/17,37.898832,42.66892,-124.47539,3,2100,49,51.2,41.5,14.1,F,MAT,1.564621925,0.180952381,0.7,24,1.3,0.544,16,-16.6,13.4,43.1,3.2
HLS_0758,Eureka,40.1,Brookings,Oregon,Fall,September,9/7/17,60.96,42.78708,-124.61359,3,700,34.9,37.1,30.6,10.1,M,IMM,1.370806993,0,0.5,10,0.7,0.588,15.1,-16.9,14.4,47.2,3.3
HLS_0762,Eureka,40.1,Brookings,Oregon,Fall,September,9/7/17,60.96,42.78708,-124.61359,3,560,32.3,33.8,27,9.6,M,IMM,1.450233477,0.017857143,0.428571429,9.8,4.5,0.665,14.8,-16.7,14.5,47.4,3.3
HLS_0809,Eureka,40.1,Brookings,Oregon,Fall,October,9/30/17,28.3464,42.7911,-124.609,3,,37.8,39.3,32.1,11.7,M,IMM,,,,11,1.3,#N/A,#N/A,#N/A,#N/A,#N/A,#N/A
HLS_0810,Eureka,40.1,Brookings,Oregon,Fall,October,10/1/17,28.3464,42.7911,-124.609,3,,37.5,39.1,32.6,11.9,F,IMM,,,,9.8,1.4,0.646,14.9,-17.4,13.2,50.6,3.8
HLS_0811,Eureka,40.1,Brookings,Oregon,Fall,October,10/2/17,37.90000121,42.66892,-124.47539,3,,34.3,35.3,29.1,10.4,M,IMM,,,,5,0.7,0.512,14.7,-16.8,14.4,47.1,3.3
HLS_0815,Eureka,40.1,Brookings,Oregon,Fall,October,10/6/17,28.3464,42.7911,-124.609,3,,31.1,32.9,26.1,9.5,M,IMM,,,,5.6,0.8,0.526,14.4,-16.7,14.4,46.8,3.3
HLS_0816,Eureka,40.1,Brookings,Oregon,Fall,October,10/7/17,28.3464,42.7911,-124.609,3,,19.5,18.1,15.2,5.3,F,IMM,,,,1.5,0.4,0.514,14.1,-17,14.8,49.1,3.3
HLS_1309,Eureka,40.1,Eureka,Northern California,Fall,September,9/6/18,40.2336,40.49295,-124.44582,2,530,29.8,31.3,25.2,9.2,F,IMM,1.728394426,0.188679245,1.901886792,7.1,1.2,0.513,14.3,-16.8,13.7,43.6,3.2
HLS_1311,Eureka,40.1,Eureka,Northern California,Fall,September,9/6/18,36.576,40.49308,-124.44556,3,570,30.3,31.9,25.5,9.8,F,IMM,1.755912241,0.210526316,2.701754386,6.7,1.9,0.624,13.8,-17.3,13.2,46.8,3.5
HLS_1312,Eureka,40.1,Eureka,Northern California,Fall,September,9/6/18,38.4048,40.49422,-124.45721,1,930,36.7,39,31.5,11.1,M,MAT,1.567794467,0.258064516,1.913978495,15.4,7.7,0.605,14.5,-17,13.8,44.4,3.2
HLS_1316,Eureka,40.1,Eureka,Northern California,Fall,September,9/6/18,38.4048,40.49488,-124.45656,1,630,32.5,34.5,27.5,10,F,IMM,1.534204542,0.174603175,1.333333333,11.9,6.5,0.539,14.4,-17.6,13.7,44.6,3.2
HLS_1319,Eureka,40.1,Eureka,Northern California,Fall,September,9/6/18,38.4048,40.49488,-124.49488,1,660,32.9,34.5,27.6,9.8,F,IMM,1.607261902,0.272727273,2.166666667,10.2,3.3,0.516,14.4,-17,14.2,45.3,3.2
HLS_1320,Eureka,40.1,Eureka,Northern California,Fall,September,9/6/18,36.576,40.49308,-124.44556,3,1060,38.5,40.7,32.5,11.5,F,MAT,1.572253744,0.235849057,2.283018868,9.1,0.5,0.576,14.6,-16.5,14,45.2,3.2
HLS_1323,Eureka,40.1,Eureka,Northern California,Fall,September,9/6/18,42.0624,40.50398,-124.48378,3,580,31.7,33.5,26.69,9.8,F,IMM,1.542742957,0.137931034,1.379310345,7.1,0.6,0.643,13.9,-17.8,14,44.8,3.2
HLS_1325,Eureka,40.1,Eureka,Northern California,Fall,September,9/6/18,42.0624,40.50398,-124.48378,3,1580,45.4,48.2,38,13.3,F,MAT,1.410964127,0.164556962,1.044303797,22.9,7.1,0.623,14.9,-17.4,14.5,46.2,3.2
HLS_1330,Eureka,40.1,Eureka,Northern California,Fall,September,9/6/18,32.9184,40.49358,-124.4458,3,480,29.5,31.2,25,8.9,M,IMM,1.580437971,0.020833333,2.416666667,5.3,0.4,0.582,14.1,-17.3,14.1,45.8,3.2
HLS_1331,Eureka,40.1,Eureka,Northern California,Fall,September,9/6/18,38.4048,40.49488,-124.45656,1,710,34.2,35.9,28.7,10.1,F,IMM,1.534528656,0.154929577,2.154929577,6.4,0.2,0.623,14,-17,13.8,44.6,3.2
HLS_1348,Eureka,40.1,Eureka,Northern California,Fall,September,9/5/18,98.7552,40.75694,-124.44205,3,2680,51.9,55.1,43.9,16.5,F,MAT,1.602064502,3.242537313,2.242537313,20.1,0,0.517,14.2,-18.1,13.7,46.6,3.4
HLS_1355,Eureka,40.1,Eureka,Northern California,Fall,September,9/5/18,54.13248,40.50538,-124.49867,3,630,33.4,35.2,28.3,8.9,F,IMM,1.444483412,0.174603175,1.428571429,5.5,0.7,0.61,14.1,-17.7,14.5,46.5,3.2
HLS_1358,Eureka,40.1,Eureka,Northern California,Fall,September,9/5/18,40.2336,40.49506,-124.44471,2,520,30.8,32.4,25.7,9.1,F,IMM,1.528862094,0.134615385,2.115384615,6.8,2.3,0.519,13.8,-17.2,14.1,45.9,3.3
HLS_1359,Eureka,40.1,Eureka,Northern California,Fall,September,9/5/18,34.7472,40.48106,-124.51398,2,860,36.9,38.8,31.3,10.9,M,MAT,1.472323603,0.034883721,1.569767442,9.2,1.4,0.612,14.1,-18,13.5,43.7,3.2
HLS_1360,Eureka,40.1,Eureka,Northern California,Fall,September,9/5/18,40.2336,40.49556,-124.44405,1,470,30.2,31.8,25.6,8.7,M,IMM,1.461559493,0.042553191,2.212765957,7,2.6,0.507,14.3,-17.5,14,47.1,3.4
HLS_1362,Eureka,40.1,Eureka,Northern California,Fall,September,9/5/18,49.19472,40.50454,-124.499,3,830,36.2,38.1,30.8,11.1,M,IMM,1.500732077,0.024096386,1.024096386,7.1,0.9,0.691,14,-17.9,14.2,45.8,3.2
HLS_1369,Eureka,40.1,Eureka,Northern California,Fall,September,9/5/18,40.2336,40.49356,-124.4405,2,940,37.6,39.5,31.8,11.2,F,MAT,1.525234312,0.191489362,1.946808511,13.2,2.5,0.522,14.5,-16.9,13.5,44.4,3.3
HLS_1372,Eureka,40.1,Eureka,Northern California,Fall,September,9/5/18,40.2336,40.49421,-124.44518,1,560,30.7,32.1,26.3,9.5,M,IMM,1.693062263,0.035714286,2.214285714,5.8,1,0.662,13.9,-17.3,14,45.6,3.3
HLS_1374,Eureka,40.1,Eureka,Northern California,Fall,September,9/5/18,40.2336,40.49506,-124.44471,2,150,26.7,20,22.8,8,F,IMM,1.875,0.266666667,4.8,3.5,0.6,0.603,13.8,-17.2,13.9,46,3.3
HLS_1378,Eureka,40.1,Eureka,Northern California,Fall,September,9/5/18,40.2336,40.49335,-124.44514,1,570,31.3,33.1,26.5,9.4,M,IMM,1.571776801,0.105263158,2.228070175,5.4,0.5,0.505,14.5,-17,13.9,45,3.2
HLS_1381,Eureka,40.1,Eureka,Northern California,Fall,September,9/5/18,36.576,40.47836,-124.51373,2,1110,42.1,44.5,36.2,11.7,F,MAT,1.259629856,0.18018018,1.36036036,12.5,0.3,0.543,14.2,-17.9,14.4,46.1,3.2
HLS_1382,Eureka,40.1,Eureka,Northern California,Fall,September,9/6/18,32.9184,40.49358,-124.4458,3,420,28,29.4,23.5,9,M,IMM,1.652750507,0.023809524,2.071428571,4.6,0.7,0.626,14.4,-17.1,14.4,47.4,3.3
HLS_1383,Eureka,40.1,Eureka,Northern California,Fall,September,9/6/18,40.2336,40.49356,-124.45148,3,880,35,36.9,29.2,11.8,F,IMM,1.751473512,0.181818182,2.238636364,21.8,13.5,0.508,15.1,-17.1,14.3,46.9,3.3
HLS_1387,Eureka,40.1,Eureka,Northern California,Fall,September,9/6/18,36.576,40.4931,-124.45184,2,420,31,32.5,26.1,9.2,F,IMM,1.223486573,0.214285714,1.904761905,22.7,17.5,0.512,14.2,-17.6,14.2,46.1,3.3
HLS_1388,Eureka,40.1,Eureka,Northern California,Fall,September,9/6/18,40.2336,40.4931,-124.45164,3,630,33,34.5,27.6,10.4,F,IMM,1.534204542,0.126984127,1.206349206,12.3,5.9,0.58,14.6,-17.4,14.2,45.5,3.2
HLS_1389,Eureka,40.1,Eureka,Northern California,Fall,September,9/6/18,40.2336,40.4933,-124.45171,2,970,38.4,40.7,32.4,12.2,M,MAT,1.438760502,0.051546392,1.06185567,18.6,10.9,0.548,14.8,-17.3,13.6,43.9,3.2
HLS_1391,Eureka,40.1,Eureka,Northern California,Fall,September,9/6/18,32.9184,40.4936,-124.4458,3,640,33.1,34.5,28.4,10.6,F,IMM,1.558556995,0.1875,2.46875,7.3,1,0.648,14.5,-17.1,14.3,46.9,3.3
HLS_1392,Eureka,40.1,Eureka,Northern California,Fall,September,9/6/18,42.0624,40.5043,-124.48454,3,630,33.6,35.5,28.8,10.1,F,IMM,1.408171305,0.206349206,1.142857143,6.4,0.3,0.672,14.3,-17.7,14.2,46.4,3.3
HLS_1393,Eureka,40.1,Eureka,Northern California,Fall,September,9/6/18,36.576,40.4931,-124.45184,2,730,35.4,37.6,30.2,10.5,M,IMM,1.373280728,0.04109589,2.547945205,15.2,8,0.63,14.6,-16.9,13.9,45,3.2
HLS_1396,Eureka,40.1,Eureka,Northern California,Fall,September,9/6/18,36.576,40.49305,-124.45184,2,820,36.5,38.5,31.1,11.1,M,MAT,1.436916937,0.048780488,1.695121951,9.7,3.1,0.588,14.1,-17,14.4,48.3,3.4
HLS_1399,Eureka,40.1,Eureka,Northern California,Fall,September,9/6/18,40.2336,40.49311,-124.45164,3,650,33.9,35.8,28.6,10.3,M,IMM,1.41665558,0.061538462,2.123076923,11.8,5.6,0.604,14.4,-17,14.1,46.4,3.3
HLS_1401,Eureka,40.1,Eureka,Northern California,Fall,September,9/6/18,42.0624,40.50431,-124.48454,3,690,34.9,36.7,29.9,10.7,F,IMM,1.395889042,0.202898551,1.420289855,14.2,5.6,0.546,14.5,-17.8,14.2,46.1,3.3
HLS_1402,Eureka,40.1,Eureka,Northern California,Fall,September,9/6/18,42.0624,40.50431,-124.48454,3,890,38.3,40.4,32.8,11.5,M,MAT,1.349726924,0.078651685,1.168539326,8.8,0.9,0.694,14.7,-17.7,14.2,46.7,3.3
HLS_1403,Eureka,40.1,Eureka,Northern California,Fall,September,9/6/18,32.9184,40.49307,-124.44608,3,610,32.2,34,27.7,10.1,F,IMM,1.552004885,0.147540984,2.295081967,8.5,2.6,0.66,14.5,-17.2,14.5,47.6,3.3
HLS_1404,Eureka,40.1,Eureka,Northern California,Fall,September,9/6/18,40.2336,40.49311,-124.45164,3,1260,43.2,45.4,36.7,12.3,M,MAT,1.346489548,0.063492063,1.428571429,31,18.5,0.584,14.9,-17,14.4,46.9,3.3
HLS_0545,Monterey,36,Fort Bragg,Northern California,Summer,July,7/18/17,84.4296,39.51793,-123.84047,1,584,34.3,36,28.6,10.2,M,IMM,1.251714678,0.068493151,0.856164384,8.1,2.5,0.665,15.1,-17.8,14,45,3.2
HLS_0546,Monterey,36,Fort Bragg,Northern California,Summer,July,7/18/17,53.34,39.518,-123.84044,1,384,28.1,28.4,24.9,8.9,F,IMM,1.676394411,0.130208333,0.755208333,3,0.2,0.653,15.4,-17.4,13.9,44.9,3.2
HLS_0547,Monterey,36,Fort Bragg,Northern California,Summer,July,7/18/17,53.34,39.518,-123.84044,1,431,30.2,32.3,26.2,9.4,M,IMM,1.278997522,0.023201856,0.974477958,4.6,0.4,0.645,15.5,-17.4,14,45,3.2
HLS_0549,Monterey,36,Fort Bragg,Northern California,Summer,July,7/18/17,53.34,39.518,-123.84036,1,479,31.7,34,27.8,8.8,F,IMM,1.218705475,0.12526096,0.855949896,4,0.1,0.665,15.6,-17.3,13.1,42.3,3.2
HLS_0551,Monterey,36,Fort Bragg,Northern California,Summer,July,7/18/17,82.9056,39.518,-123.84024,2,530,31.3,33.5,27,9.9,F,IMM,1.409747875,0.169811321,0.811320755,6.8,1.6,0.545,15.2,-18,14,45.2,3.2
HLS_0553,Monterey,36,Fort Bragg,Northern California,Summer,July,7/18/17,53.34,39.518,-123.84044,1,558,32.9,35.1,28.2,9.3,M,IMM,1.290365817,0.053763441,0.860215054,6.3,0.4,0.607,15.2,-17.7,14.3,46.4,3.2
HLS_0556,Monterey,36,Fort Bragg,Northern California,Summer,July,7/18/17,87.4776,39.5102,-123.83935,2,966,39.2,41.9,35.8,11.2,M,MAT,1.31321265,0.186335404,1.014492754,8.8,0,0.619,16,-17.5,13.7,44.6,3.2
HLS_0557,Monterey,36,Fort Bragg,Northern California,Summer,July,7/18/17,87.4776,39.5102,-123.83935,2,1125,41.5,43.9,35.4,13.2,M,MAT,1.329716206,0.062222222,0.88,11.5,0,0.637,15.7,-17.3,13.7,44.2,3.2
HLS_0565,Monterey,36,Fort Bragg,Northern California,Summer,July,7/17/17,65.532,39.7107,-123.84767,2,476,30.3,31.5,25.7,10.2,F,IMM,1.522913692,0,0.861344538,6.2,0,0.576,15.4,-17.1,14.1,45.3,3.2
HLS_0569,Monterey,36,Fort Bragg,Northern California,Summer,July,7/17/17,65.532,39.71106,-123.84805,2,510,32.9,31.4,27,10.5,M,IMM,1.647332368,0,0.862745098,6.9,0.9,0.531,15.5,-17.5,13.7,44,3.2
HLS_0573,Monterey,36,Fort Bragg,Northern California,Summer,July,7/17/17,60.96,39.71257,-123.84896,2,760,39.4,42.1,33.9,13,M,MAT,1.018514708,0.263157895,1.552631579,52.4,38.6,0.612,15.8,-17.4,14,45.6,3.3
HLS_0576,Monterey,36,Fort Bragg,Northern California,Summer,July,7/17/17,60.96,39.71257,-123.84896,2,500,34.4,37.2,29.8,10.2,F,MAT,0.971272706,0.26,1.14,13.4,7.2,0.512,15.7,-17.8,13.9,46.1,3.3
HLS_0584,Monterey,36,Fort Bragg,Northern California,Summer,July,7/17/17,65.532,39.71245,-123.84879,2,740,36.3,38.2,31.6,10.8,F,MAT,1.327521706,0.135135135,0.675675676,7.1,0.8,0.61,15.7,-17.5,14.3,46,3.2
HLS_0591,Monterey,36,Fort Bragg,Northern California,Summer,July,7/17/17,64.6176,39.71257,-123.84896,2,370,33.4,35.3,28.6,9.8,M,IMM,0.841158055,0.081081081,1.648648649,10.6,4.2,0.607,15.5,-17.7,14.1,45.1,3.2
HLS_0593,Monterey,36,Fort Bragg,Northern California,Summer,July,7/17/17,50.292,39.66172,-123.81717,2,611,33.1,35.1,29.2,9.5,M,IMM,1.412927444,0.016366612,0.752864157,14.4,8.6,0.555,15.4,-17.5,14.3,44.2,3.1
HLS_0594,Monterey,36,Fort Bragg,Northern California,Summer,July,7/17/17,53.6448,39.7107,-123.84767,2,481,30.3,32,25.6,8.7,M,IMM,1.467895508,0,1.03950104,5.5,1.1,0.628,15.2,-17.4,14,43.9,3.1
HLS_0596,Monterey,36,Fort Bragg,Northern California,Summer,July,7/17/17,60.96,39.71257,-123.84896,2,441,29.6,31.1,25.1,8.5,F,IMM,1.466079167,0.136054422,0.839002268,6,1.9,0.645,15.1,-17.7,14.3,44.4,3.1
HLS_0598,Monterey,36,Fort Bragg,Northern California,Summer,July,7/17/17,53.6448,39.7107,-123.84767,2,611,32.5,34.1,28.2,9.9,F,IMM,1.540912837,0,0.752864157,8.5,1.5,0.526,15.5,-17.5,14.2,44.3,3.1
HLS_0601,Monterey,36,Fort Bragg,Northern California,Summer,July,7/17/17,71.3232,39.66163,-123.84407,2,222,23.8,25.3,20.3,6.8,M,IMM,1.370854654,0,1.261261261,3.1,0.7,0.563,15.1,-17.5,14.1,44.5,3.2
HLS_0604,Monterey,36,Fort Bragg,Northern California,Summer,July,7/17/17,53.6448,39.7107,-123.84767,2,606,33.7,34.9,28,9.8,M,IMM,1.42559559,0,1.204620462,12.6,6.9,0.523,15,-17.6,14.5,45.3,3.1
HLS_0622,Monterey,36,Fort Bragg,Northern California,Summer,July,7/17/17,53.6448,39.7107,-123.84767,2,629,32.4,33.9,27.2,9.7,M,IMM,1.614550193,0,1.081081081,7.8,1.9,0.5,15.3,-17.4,13.4,42.2,3.2
HLS_0624,Monterey,36,Fort Bragg,Northern California,Summer,July,7/17/17,65.532,39.71106,-123.84805,2,654,33.9,35.7,28.6,10,M,IMM,1.437384972,0.03058104,0.963302752,9,0.5,0.563,15.6,-17.4,14.1,44.3,3.1
HLS_0636,Monterey,36,Fort Bragg,Northern California,Summer,July,7/18/17,84.4296,39.51772,-123.8394,1,550,31.3,33.4,26.2,9.5,M,IMM,1.476125522,0.036363636,1.127272727,6,0.2,0.534,15.3,-17.9,14,45,3.2
HLS_0637,Monterey,36,Fort Bragg,Northern California,Summer,July,7/18/17,87.4776,39.51215,-123.84,2,1830,45,47.7,37.5,13.5,M,MAT,1.686149013,1.459016393,1.06557377,19.9,3.4,#N/A,#N/A,#N/A,#N/A,#N/A,#N/A
HLS_0682,Monterey,36,Half Moon Bay,Central California,Spring,March,3/18/17,100.584,37.693,-123.07862,3,862,36.2,37.8,30.2,11.2,M,IMM,1.595996249,0.034802784,0.638051044,14.2,4.1,0.632,15.5,-16.7,14.5,47.3,3.3
HLS_0689,Monterey,36,Half Moon Bay,Central California,Spring,March,3/18/17,87.1728,37.69491,-123.07989,3,570,32.5,34.4,27.6,9.5,F,IMM,1.400230483,0.175438596,0.596491228,7.1,1.2,0.689,14.9,-16.1,14.1,46.5,3.3
HLS_0708,Monterey,36,Half Moon Bay,Central California,Spring,March,3/18/17,127.4064,37.516,-122.949,2,608,30.9,32.7,26,10.1,M,IMM,1.7388428,0.032894737,0.871710526,6.2,1.4,0.922,15.4,-17.1,9.5,32.5,3.4
HLS_0712,Monterey,36,Half Moon Bay,Central California,Spring,March,3/15/17,96.6216,37.68692,-123.07665,2,580,32.4,35,28.1,9.8,F,IMM,1.352769679,0.224137931,0.689655172,6.5,0.5,0.579,15.1,-16.7,14.4,46.1,3.2
HLS_0724,Monterey,36,Half Moon Bay,Central California,Spring,March,3/15/17,57.6072,37.76444,-123.13729,3,680,32.3,33.4,27.7,9.8,M,IMM,1.825027918,0.044117647,0.867647059,17.8,0.2,0.628,14.8,-17.1,14.1,45.8,3.2
HLS_0766,Monterey,36,Moss Landing,Central California,Fall,October,10/6/17,80.4672,36.54188,-121.95566,3,1050,42.5,40.6,34.4,11,F,MAT,1.568957568,2.076190476,1.742857143,19.1,5.5,0.595,15.9,-17.2,14.3,46.6,3.3
HLS_0782,Monterey,36,Moss Landing,Central California,Fall,October,10/5/17,79.248,36.29629,-121.99506,2,1520,44,46.5,37.1,12.7,F,MAT,1.511766541,0.263157895,1.131578947,12.6,0,0.577,16.1,-17.5,14.4,46.6,3.3
HLS_0783,Monterey,36,Moss Landing,Central California,Fall,October,10/5/17,90.8304,36.29717,-121.99622,2,1150,40.8,42.7,34.7,11.6,M,MAT,1.477114683,0.173913043,1.182608696,11.7,1.2,0.694,16,-18.3,13.1,47.5,3.6
HLS_0794,Monterey,36,Moss Landing,Central California,Fall,October,10/5/17,79.248,36.29629,-121.99506,2,1690,44.6,46.5,37.1,12.8,F,MAT,1.680845694,0.313609467,0.816568047,14.8,0.3,0.642,15.8,-17.5,14.1,46.8,3.3
HLS_0795,Monterey,36,Moss Landing,Central California,Fall,October,10/5/17,89.3064,36.29687,-121.99653,1,1190,39.9,41.3,33.2,12.3,F,MAT,1.689261198,0.294117647,1.025210084,10.9,0,0.526,16,-17.7,14.1,46.3,3.3
HLS_0796,Monterey,36,Moss Landing,Central California,Fall,October,10/5/17,90.8304,36.29717,-121.99622,2,1110,39.4,41.2,33,11.8,M,MAT,1.587198815,0.288288288,1.162162162,9.4,0.6,0.518,15.8,-17.8,13.8,46.3,3.4
HLS_0802,Monterey,36,Moss Landing,Central California,Fall,October,10/5/17,39.624,36.28921,-121.90591,2,860,35.7,37.5,30.2,10.8,M,MAT,1.630814815,0.325581395,1.23255814,8.2,0.4,0.536,15.8,-18,14.1,46.6,3.3
HLS_0820,Monterey,36,Half Moon Bay,Central California,Winter,December,12/5/17,35.6616,37.72534,-123.04668,3,700,34,35.5,29,10.5,F,IMM,1.564634784,0.185714286,2.714285714,9.7,3.6,0.612,14.8,-17,13.9,50.5,3.6
HLS_0821,Monterey,36,Half Moon Bay,Central California,Winter,December,12/5/17,35.6616,37.72534,-123.04668,3,830,34,35.4,29.5,10.6,M,MAT,1.870976386,0.048192771,3.843373494,10.7,5.2,0.509,14.2,-16.6,13.9,47.3,3.4
HLS_0823,Monterey,36,Half Moon Bay,Central California,Winter,December,12/5/17,35.6616,37.72534,-123.04668,3,1130,40.3,42,34.1,11.9,M,MAT,1.52521326,0.132743363,0.769911504,21.2,11.6,0.504,14.6,-16.9,14.3,47.7,3.3
HLS_0825,Monterey,36,Half Moon Bay,Central California,Winter,December,12/5/17,41.4528,37.7262,-123.04597,3,740,34.4,35.1,28.5,10.4,M,IMM,1.711237821,0.013513514,2.648648649,12.4,6.8,0.59,15,-16.1,14.3,46.8,3.3
HLS_0827,Monterey,36,Half Moon Bay,Central California,Winter,December,12/5/17,35.6616,37.72534,-123.04668,3,470,28,29.7,24.8,8.9,M,IMM,1.79402508,0.021276596,2.404255319,3.5,0,0.526,14.3,-16.5,13.9,46.7,3.4
HLS_0829,Monterey,36,Half Moon Bay,Central California,Winter,December,12/5/17,41.4528,37.7262,-123.04597,3,690,32.3,33.5,27.1,10,M,IMM,1.835332139,0.028985507,3,9.9,4.3,0.594,14.3,-16.7,13.9,48.3,3.5
HLS_0832,Monterey,36,Moss Landing,Central California,Fall,October,10/6/17,78.3336,36.54937,-121.98497,2,1500,43.9,45.4,37,13.3,F,MAT,1.602963747,2.42,3.206666667,17.4,3.3,0.676,15.4,-17,14.2,48.3,3.4
HLS_0843,Monterey,36,Moss Landing,Central California,Fall,October,10/6/17,87.4776,36.694,-121.93871,2,1020,39.9,41,33.7,11.4,F,MAT,1.479955311,0.960784314,2.235294118,32.4,23.4,0.534,15.1,-17.6,14.1,46.3,3.3
HLS_0844,Monterey,36,Moss Landing,Central California,Fall,October,10/6/17,88.392,36.54064,-121.95596,2,840,36.1,37.7,30.9,10.8,M,MAT,1.567672122,0.238095238,1.535714286,8,0.5,0.536,15.4,-17.6,13.9,48,3.5
HLS_0854,Monterey,36,Moss Landing,Central California,Fall,October,10/3/17,42.672,36.64479,-121.92181,3,860,36.9,38.3,31,10.4,F,IMM,1.530742462,0.220930233,0.025581395,16.4,4.6,0.667,15.9,-17.9,13.2,48.2,3.7
HLS_0855,Monterey,36,Half Moon Bay,Central California,Winter,January,1/11/18,63.3984,37.33845,-122.55756,0,,37.6,39.7,32.1,10.3,F,IMM,,,,8.1,0,0.67,15.2,-16.5,14.1,44.6,3.2
HLS_0856,Monterey,36,Half Moon Bay,Central California,Winter,January,1/11/18,48.1584,37.30043,-122.48594,3,,28.3,29.9,23.9,8,M,IMM,,,,5.1,0.1,0.62,15.4,-16.7,14,44.9,3.2
HLS_0857,Monterey,36,Half Moon Bay,Central California,Winter,January,1/11/18,65.2272,37.34015,-123.55775,3,,30.9,32.8,25.4,8.9,F,IMM,,,,5.3,0,0.656,14.9,-16.5,14.4,46.5,3.2
HLS_0860,Monterey,36,Half Moon Bay,Central California,Winter,January,1/11/18,71.0184,37.38936,-123.64806,0,620,36.5,38.9,31.6,9.9,F,IMM,1.053277691,0.258064516,1.258064516,8.5,0.2,0.687,15.4,-16.4,14,45.2,3.2
HLS_0864,Monterey,36,Bodega Bay,Northern California,Winter,January,1/22/18,128.016,38.063,-123.39538,1,930,42.2,44.6,36.6,12.2,F,MAT,1.048282588,0,0.376344086,13.2,0.3,0.568,15.5,-17.7,13.7,47.7,3.5
HLS_0871,Monterey,36,Bodega Bay,Northern California,Winter,January,1/22/18,129.8448,38.063,-123.39249,1,720,35.4,36.7,30.6,10.2,M,IMM,1.45657987,0.041666667,1.333333333,5.6,0.4,0.59,14.4,-17.2,16.4,54.9,3.3
HLS_0872,Monterey,36,Bodega Bay,Northern California,Winter,January,1/22/18,129.8448,38.063,-123.39249,1,1310,41.5,43.8,35.3,12.9,F,MAT,1.559010227,0.198473282,1.854961832,10.8,1.4,0.676,14.6,-18.6,12.4,49.1,4
HLS_0874,Monterey,36,Bodega Bay,Northern California,Winter,January,1/22/18,129.8448,38.063,-123.39249,1,1620,45.5,47.9,38.9,12.8,F,MAT,1.474037303,0.240740741,1.660493827,16.8,4.1,#N/A,#N/A,#N/A,#N/A,#N/A,#N/A
HLS_0885,Monterey,36,Bodega Bay,Northern California,Winter,January,1/23/18,118.872,38.04181,-123.36535,2,1380,40.9,43,34.7,11.5,M,IMM,1.735696228,0.086956522,1.550724638,11.1,1.4,0.561,15,-17.5,14,44.1,3.2
HLS_0887,Monterey,36,Bodega Bay,Northern California,Winter,January,1/23/18,118.872,38.04181,-123.36535,2,690,34.1,36.2,28.9,9.8,F,IMM,1.454532331,0.188405797,1.246376812,6.3,1.6,0.636,14.6,-17.6,14.2,44.7,3.1
HLS_0902,Monterey,36,Bodega Bay,Northern California,Winter,January,1/23/18,122.5296,38.04285,-123.3659,2,1080,38.4,40.6,32.5,12,F,IMM,1.613784927,0.194444444,0.777777778,8.6,0.8,0.593,15.4,-16.2,14.3,47,3.3
HLS_0903,Monterey,36,Bodega Bay,Northern California,Winter,January,1/23/18,124.3584,38.043,-123.365581,2,1140,39.2,41,33.2,12.1,M,IMM,1.654067701,0.043859649,1.50877193,8.4,1.2,0.529,14.8,-17.2,13.9,44.8,3.2
HLS_0904,Monterey,36,Bodega Bay,Northern California,Winter,January,1/23/18,124.3584,38.043,-123.365581,2,980,37.3,39.5,31.7,11,F,IMM,1.5901379,0.183673469,1.244897959,6.7,0.8,0.679,14.7,-17.1,14.5,46.5,3.2
HLS_0906,Monterey,36,Bodega Bay,Northern California,Winter,January,1/23/18,126.1872,38.04753,-123.3656,2,1940,47.3,49.9,40.3,14.5,F,MAT,1.561349373,0.257731959,2.74742268,14.4,2.9,#N/A,#N/A,#N/A,#N/A,#N/A,#N/A
HLS_0908,Monterey,36,Bodega Bay,Northern California,Winter,January,1/23/18,126.1872,38.04448,-123.36919,2,1390,41,44.1,35.3,12.2,F,MAT,1.620686565,0.244604317,2.122302158,9.8,0.8,0.593,15.2,-17.5,14.3,46.6,3.3
HLS_0910,Monterey,36,Moss Landing,Central California,Fall,October,10/3/17,51.816,36.64739,-121.92174,3,760,33.4,35.2,27.9,10.5,M,IMM,1.742551418,0.065789474,1.934210526,10.9,2.1,0.591,15.9,-17.1,14.2,45.1,3.2
HLS_0911,Monterey,36,Moss Landing,Central California,Fall,October,10/3/17,84.7344,36.76669,-121.87255,2,1750,45.7,48.3,38.1,14.5,F,MAT,1.553090118,0.777142857,1.742857143,16.1,1.7,0.501,15.9,-17.5,13.5,46.2,3.4
HLS_0912,Monterey,36,Moss Landing,Central California,Fall,October,10/3/17,84.7344,36.7669,-121.87293,2,1780,45,47.4,38.3,13.7,F,MAT,1.671417624,0.853932584,2,16.4,1.7,#N/A,#N/A,#N/A,#N/A,#N/A,#N/A
HLS_0916,Monterey,36,Moss Landing,Central California,Fall,October,10/3/17,64.008,36.652,-121.93528,2,740,39,41.3,33.1,12,F,MAT,1.050464946,0.378378378,1.256756757,17.6,8.2,0.626,15.6,-17.1,14.1,45.2,3.2
HLS_0927,Monterey,36,Half Moon Bay,Central California,Spring,April ,4/25/18,63.7032,37.74569,-123.07897,3,510,30.5,32.5,25.7,9,M,IMM,1.485662267,0.098039216,1.176470588,11.9,6.5,0.629,14.4,-16.9,14.2,45.6,3.2
HLS_0929,Monterey,36,Half Moon Bay,Central California,Spring,April ,4/25/18,70.104,37.74169,-123.08271,3,310,34.5,37.2,29.5,10.5,M,IMM,0.602189078,0.096774194,2.741935484,8,1.4,0.518,15.5,-17.4,13.9,44.6,3.2
HLS_0930,Monterey,36,Half Moon Bay,Central California,Spring,April ,4/25/18,46.9392,37.74468,-123.08125,3,880,37.5,39.5,31.1,12,M,IMM,1.42787893,0.022727273,0.988636364,9.9,1.5,0.67,15.2,-16.5,14.2,46.1,3.2
HLS_0932,Monterey,36,Half Moon Bay,Central California,Spring,April ,4/25/18,46.9392,37.74468,-123.08125,3,660,32.2,34.5,27.1,10.3,M,IMM,1.607261902,0.015151515,1.03030303,6.9,0,0.565,14.9,-17,14,45.4,3.2
HLS_0937,Monterey,36,Half Moon Bay,Central California,Spring,April ,4/25/18,46.9392,37.74468,-123.08125,3,690,33,35.1,27.1,9.9,F,IMM,1.595613644,0.101449275,0.811594203,47.1,40.7,0.516,15.1,-17.1,13.9,45.6,3.3
HLS_0939,Monterey,36,Half Moon Bay,Central California,Spring,April ,4/25/18,70.104,37.74169,-123.08271,3,440,29.1,30,24.5,0.5,M,IMM,1.62962963,0.045454545,0.659090909,6.9,0.6,0.533,14.8,-17,14.2,45.9,3.2
HLS_0943,Monterey,36,Half Moon Bay,Central California,Spring,April ,4/25/18,70.104,37.74169,-123.08271,3,850,35.9,38.2,31.3,11.1,M,MAT,1.524856014,0.058823529,0.811764706,9,0.2,0.601,15.3,-16.4,14.4,46.2,3.2
HLS_0946,Monterey,36,Half Moon Bay,Central California,Spring,April ,4/25/18,63.7032,37.74569,-123.07897,3,470,27.7,29.5,23.5,9,M,IMM,1.830761665,0.021276596,1.021276596,28.7,22.9,0.528,14.5,-17.1,14,45.5,3.3
HLS_0948,Monterey,36,Half Moon Bay,Central California,Spring,April ,4/25/18,46.9392,37.74468,-123.08125,3,820,35.5,37.7,30.2,11.6,M,MAT,1.530346596,0.06097561,1.073170732,11.2,4.1,0.631,14.6,-16.4,14.2,46,3.2
HLS_0950,Monterey,36,Half Moon Bay,Central California,Spring,April ,4/25/18,70.104,37.74169,-123.08271,3,320,26.2,28,22.1,9.4,F,IMM,1.457725948,0.03125,0.625,7.5,3.6,0.667,14.7,-16.9,13.7,45.4,3.3
HLS_0951,Monterey,36,Half Moon Bay,Central California,Spring,April ,4/25/18,46.9392,37.74468,-123.08125,3,310,27.6,29.1,23,8.4,F,IMM,1.258006042,0.129032258,1,6.8,2.7,0.665,15,-16.7,14,46.1,3.3
HLS_1435,Monterey,36,Moss Landing,Central California,Fall,October,10/25/18,25.69464,36.724725,-121.830802,2,210,22.4,23.2,19,7.2,M,IMM,1.681726393,0.047619048,1.238095238,3.1,0.1,0.564,15.2,-16.9,13.5,45.7,3.4
HLS_1531,Monterey,36,Bodega Bay,Northern California,Spring,April,4/4/19,57.6072,38.05295,-123.04274,2,140.8,22,21,17.8,6,F,IMM,1.520354173,0.035511364,0.852272727,1.2,0,0.648,14.4,-16.2,14.6,47.1,3.2
HLS_1533,Monterey,36,Bodega Bay,Northern California,Spring,April,4/4/19,50.292,38.22815,-123.02673,2,476.1,30.3,31.7,25.6,9.5,F,IMM,1.494584228,0.126023945,1.197227473,28.4,0,0.593,14.7,-16,14.2,45.6,3.2
HLS_1538,Monterey,36,Bodega Bay,Northern California,Spring,April,4/3/19,48.768,38.51679,-123.27923,3,224.7,23.7,25,20.4,7.8,M,IMM,1.43808,0.022251891,1.201602136,2.7,0,0.606,14.6,-16.6,14,44.6,3.2
HLS_1548,Monterey,36,Bodega Bay,Northern California,Spring,April,4/4/19,57.6072,38.05295,-123.04274,2,127.3,19.7,20.6,16.6,6.1,F,IMM,1.456219165,0.039277298,0.942655145,1.6,0,0.622,14.2,-16.3,14.4,45.6,3.2
HLS_1549,Monterey,36,Bodega Bay,Northern California,Spring,April,4/4/19,50.292,38.23052,-123.02629,2,119.2,19.4,20.3,16.6,5.7,M,IMM,1.424912321,0.041946309,1.006711409,1.4,0,0.593,13.8,-16.3,14.4,45.8,3.2
HLS_1550,Monterey,36,Bodega Bay,Northern California,Spring,April,4/4/19,56.0832,38.05346,-123.04283,2,149.2,20.7,21.8,17.6,6.3,M,IMM,1.44012219,0.033512064,0.804289544,1.55,0,0.52,14.8,-16,14,44.4,3.2
HLS_1559,Monterey,36,Bodega Bay,Northern California,Spring,April,4/4/19,48.768,38.05468,-123.04437,2,786,36.4,38.3,30.6,11.1,M,IMM,1.399027413,0.038167939,0.852417303,7.9,0,0.62,14.9,-16.3,14.2,45.5,3.2
HLS_1569,Monterey,36,Bodega Bay,Northern California,Spring,April,4/4/19,56.0832,38.05232,-123.04295,3,811.6,36.8,38.4,31.4,11.2,F,IMM,1.433337176,0.172498768,0.850172499,21.6,0,0.528,14.7,-16.4,13.6,46.4,3.4
HLS_0021,Vancouver,47.3,Neah Bay,Washington,Summer,June,6/2/17,100.584,48.25269,-125.36886,1,2220,51.5,52.3,44,14.5,F,MAT,1.551843451,0.828828829,1.576576577,35.1,3.2,0.63,15.6,-17,14.1,45.6,3.2
HLS_0024,Vancouver,47.3,Neah Bay,Washington,Summer,June,6/2/17,100.2792,48.25328,-125.36841,1,2450,52.4,54.9,45.7,17.6,F,MAT,1.480638545,1.175510204,1.175510204,130.8,92.8,0.674,15.1,-17,14.2,45,3.2
HLS_0025,Vancouver,47.3,Neah Bay,Washington,Summer,June,6/2/17,100.2792,48.25328,-125.36841,1,2390,51,52.8,43.8,15.4,F,MAT,1.623663894,0.640167364,1.259414226,27.7,0,0.698,15.9,-16.8,14.1,45.2,3.2
HLS_0055,Vancouver,47.3,Neah Bay,Washington,Summer,June,6/3/17,121.0056,48.08333333,-125.5794444,1,1530,44.3,46.3,37.2,13.9,F,IMM,1.541517494,0.294117647,1.352941176,17.3,2.4,0.55,15.6,-16.6,14.1,44.3,3.1
HLS_0070,Vancouver,47.3,Neah Bay,Washington,Summer,June,6/4/17,40.8432,48.39489,-124.72785,2,490,31,32.2,26.6,10.1,M,IMM,1.467670162,0.224489796,1,5.6,0.9,0.634,14.7,-16.8,14.1,44.5,3.1
HLS_0090,Vancouver,47.3,Neah Bay,Washington,Summer,June,6/4/17,45.72,48.33183,-124.731,1,470,29.2,31,24.8,9.5,M,IMM,1.577657682,0.106382979,0.617021277,3.7,0.3,0.523,15,-16.4,13.8,43.5,3.1
HLS_0091,Vancouver,47.3,Neah Bay,Washington,Summer,June,6/4/17,45.72,48.33183,-124.731,1,200,24.4,25,20.5,7.5,M,IMM,1.28,0.2,1.05,2.6,0.3,0.623,14.7,-16.4,14.3,45.3,3.2
HLS_0092,Vancouver,47.3,Neah Bay,Washington,Summer,June,6/4/17,45.72,48.33088,-124.73354,1,200,23.3,24.5,19.6,7.5,M,IMM,1.35997756,0.3,1.3,2.8,0.1,0.669,14.5,-16.3,14,44.6,3.2
HLS_0093,Vancouver,47.3,Neah Bay,Washington,Summer,June,6/4/17,45.1104,48.33056,-124.73329,1,200,24,25.4,20.5,7.4,M,IMM,1.220474882,0.2,1.05,2.4,0.6,0.647,14.6,-16.4,14,44.1,3.2
HLS_0095,Vancouver,47.3,Neah Bay,Washington,Summer,June,6/4/17,43.2816,48.377,-124.73413,2,30,15.8,16.2,13.6,4.7,UNK,IMM,0.705628659,1.333333333,3,0.9,0.3,0.625,14.6,-16.8,13.8,43.8,3.2
HLS_0100,Vancouver,47.3,Neah Bay,Washington,Summer,June,6/5/17,102.108,48.25372,-125.36751,1,1980,47.1,50.3,40.6,13.9,M,MAT,1.555826753,1.196969697,1.090909091,21.9,1,0.606,15.5,-16.7,14.1,44.9,3.2
HLS_0102,Vancouver,47.3,Neah Bay,Washington,Summer,June,6/5/17,102.108,48.2548,-125.36773,1,0,50.2,53.3,43.7,14.8,M,MAT,,,,25.4,0.9,0.567,15,-17,14,45.9,3.3
HLS_0954,Vancouver,47.3,Neah Bay,Washington,Spring,May,5/30/18,99.06,48.25433,-125.36811,1,1490,45.7,48.5,38.4,13.3,F,MAT,1.306053756,0.315436242,1.295302013,16.4,1.8,0.622,15.8,-16.5,13.8,44.7,3.2
HLS_0956,Vancouver,47.3,Neah Bay,Washington,Spring,May,5/30/18,101.1936,48.253,-125.36201,1,0,48.4,51.5,42,13.6,M,MAT,,,,44.7,25,0.58,14.8,-17,13.6,44.7,3.3
HLS_0957,Vancouver,47.3,Neah Bay,Washington,Spring,May,5/30/18,99.9744,48.25429,-125.36756,1,2610,56.8,60.7,49,16.4,F,MAT,1.167009615,0.896551724,1.91954023,47.2,7.3,0.549,15.2,-17,13.8,44.8,3.2
HLS_0958,Vancouver,47.3,Neah Bay,Washington,Spring,May,5/30/18,99.9744,48.25429,-125.36756,1,2010,51.5,54.4,42.4,14.8,M,MAT,1.248531081,1.437810945,1.402985075,23.9,4.3,0.576,15.1,-16.8,13.9,44.6,3.2
HLS_0961,Vancouver,47.3,Neah Bay,Washington,Spring,May,5/31/18,115.824,48.12283,-125.42239,1,1420,43.6,46.2,36.6,12.4,M,MAT,1.439999753,0.950704225,1.661971831,22.4,7.8,0.517,14.9,-17.4,13.8,44.1,3.2
HLS_0963,Vancouver,47.3,Neah Bay,Washington,Spring,May,5/31/18,116.1288,48.12247,-125.42304,1,1830,49.2,52.5,42,15.5,M,MAT,1.264658244,0.56284153,0.972677596,21.5,0.3,0.516,15.3,-17.2,14.1,44.8,3.2
HLS_0964,Vancouver,47.3,Neah Bay,Washington,Spring,May,5/31/18,115.824,48.12283,-125.42239,1,1970,49.3,52.6,41.4,15.6,F,MAT,1.353658123,0.532994924,1.208121827,23,0.9,0.572,15.8,-17.2,13.5,46.2,3.4
HLS_0965,Vancouver,47.3,Neah Bay,Washington,Spring,May,5/31/18,127.7112,48.08117,-125.39005,1,2620,55.4,59.3,47.5,16.1,F,MAT,1.256426857,0.877862595,1.320610687,31.4,1.3,0.616,15.4,-17.1,13.9,45.1,3.2
HLS_0966,Vancouver,47.3,Neah Bay,Washington,Spring,May,5/31/18,116.1288,48.12221,-125.41977,1,1140,41.3,43.5,35.1,12.6,M,IMM,1.384959522,0.131578947,1.149122807,13.6,0.3,0.5,15.6,-16.6,13.7,44.7,3.3
HLS_0967,Vancouver,47.3,Neah Bay,Washington,Spring,May,5/31/18,119.7864,48.12284,-125.42115,1,2950,57.2,61.5,49.3,16.5,F,MAT,1.268226047,1.088135593,1.393220339,42.2,5.9,0.672,14.9,-17.2,14,45.8,3.3
HLS_0969,Vancouver,47.3,Neah Bay,Washington,Summer,June,6/1/18,36.576,48.39443,-124.72803,2,810,35.9,38.1,30.4,11.3,F,IMM,1.464569858,0.345679012,0.987654321,13.7,6.1,0.541,15.1,-17,14.2,46.1,3.2
HLS_0971,Vancouver,47.3,Neah Bay,Washington,Summer,June,6/1/18,36.576,48.39424,-124.72787,2,250,24.3,25.5,20.4,8.2,F,IMM,1.507715735,0.12,1.24,2.7,0.2,0.509,14.7,-17.1,13.7,43.9,3.2
HLS_0972,Vancouver,47.3,Neah Bay,Washington,Summer,June,6/1/18,36.576,48.39444,-124.72832,2,700,34.3,36.1,28.9,10.5,M,IMM,1.487909218,0.042857143,1.285714286,7.7,0,0.595,15,-16.6,14.1,44.9,3.2
HLS_0974,Vancouver,47.3,Neah Bay,Washington,Summer,June,6/1/18,36.576,48.39443,-124.72803,2,370,29.3,28.7,23,9.3,M,IMM,1.565150246,0.027027027,1.324324324,4.9,0.3,0.614,15,-16.7,14,45.5,3.2
HLS_0975,Vancouver,47.3,Neah Bay,Washington,Summer,June,6/1/18,36.576,48.39424,-124.72787,2,890,45.9,37.4,30.2,11.3,F,IMM,1.701277663,0.168539326,1.247191011,10.2,2.3,0.609,15.1,-16.3,14.2,44.9,3.2
HLS_0976,Vancouver,47.3,Neah Bay,Washington,Summer,June,6/1/18,54.2544,48.37772,-124.76102,2,690,34.7,36.4,29,10.6,F,IMM,1.430688017,0.188405797,1.043478261,7.5,1.9,0.553,14.6,-16.6,14.1,44.7,3.2
HLS_0978,Vancouver,47.3,Neah Bay,Washington,Summer,June,6/1/18,36.8808,48.39387,-124.72703,2,790,35.9,36.2,25.9,11.1,M,IMM,1.665334118,0.012658228,0.518987342,3.1,0,0.582,14.9,-16.8,13.9,44.7,3.2
HLS_0981,Vancouver,47.3,Neah Bay,Washington,Summer,June,6/1/18,35.9664,48.39565,-124.72919,1,870,35.6,37.5,30.3,10.7,M,IMM,1.649777778,0.045977011,1.091954023,11,3.1,0.542,15,-16.6,14.4,45.7,3.2
HLS_0983,Vancouver,47.3,Neah Bay,Washington,Summer,June,6/1/18,54.2544,48.37772,-124.76102,2,450,29.6,31.2,25.2,9.6,M,IMM,1.481660598,0.044444444,1.177777778,6.5,1.1,0.587,15.2,-16.6,14,45.6,3.3
HLS_0988,Vancouver,47.3,Neah Bay,Washington,Summer,June,6/1/18,20.1168,48.37749,-124.76216,2,530,31.1,32.6,26,9.4,M,IMM,1.529759185,0.094339623,1.018867925,9.2,4.8,0.689,14.7,-16.4,14.1,45.5,3.2
HLS_0990,Vancouver,47.3,Neah Bay,Washington,Summer,June,6/1/18,20.1168,48.37749,-124.76216,2,520,31.1,32.5,26,9.6,M,IMM,1.514792899,0.038461538,1.519230769,7,0.9,0.598,14.9,-16.6,14,44.6,3.2
HLS_0992,Vancouver,47.3,Neah Bay,Washington,Summer,June,6/1/18,32.004,48.37876,-124.7377,2,550,31,32.8,26.7,9.5,M,IMM,1.558623279,0.036363636,1.690909091,32.1,"25,7",0.584,14.2,-16.7,14,44.8,3.2
HLS_0994,Vancouver,47.3,Neah Bay,Washington,Summer,June,6/1/18,20.1168,48.37749,-124.76216,2,580,31.9,33.5,26.6,9.6,F,IMM,1.542742957,0.24137931,1.310344828,5.3,0.2,0.561,14.5,-16.9,14.2,45.6,3.2
HLS_0996,Vancouver,47.3,Neah Bay,Washington,Summer,June,6/1/18,20.1168,48.37749,-124.76216,2,750,33,34.7,27.4,10.5,F,IMM,1.795034661,0.133333333,1.44,9.9,4.4,0.685,14.3,-16.7,14.2,46.5,3.3
HLS_1002,Vancouver,47.3,Neah Bay,Washington,Summer,June,6/2/18,132.8928,48.06079,-125.42606,1,2370,50,53,42.3,16.3,M,MAT,1.591918161,0.561181435,1.244725738,50.7,26.5,0.593,14.9,-17.4,13.5,46.2,3.4
HLS_1008,Vancouver,47.3,Neah Bay,Washington,Summer,June,6/2/18,132.2832,48.06068,-125.42403,1,2090,49,52.2,41.4,15.3,F,MAT,1.469382209,0.703349282,1.688995215,67.4,41.6,0.5,15,-17.3,13.9,44.6,3.2